igelkott,https://www.artportalen.se/MediaLibrary/2020/6/9919df4f-7574-4c74-b634-849c53709003_image.jpg,https://www.artportalen.se/MediaLibrary/2020/6/3ef3b4e0-ff29-47d1-be6c-8c6bc477d8e2_image.jpg,https://www.artportalen.se/MediaLibrary/2020/6/759eb9dd-092a-4359-aa89-c170ac778cbd_image.jpg,https://www.artportalen.se/MediaLibrary/2020/6/1e866ad2-ac09-4dff-8b48-3ee18dafc281_image.jpg,https://www.artportalen.se/MediaLibrary/2020/6/19fb7285-f407-45a1-a77a-c81034bcd588_image.jpg,https://www.artportalen.se/MediaLibrary/2020/6/979fb630-21c6-4e9f-8e72-642510d24861_image.jpg,https://www.artportalen.se/MediaLibrary/2020/6/8e83b5bc-fc85-4f7e-a2ff-923af1d73ec7_image.jpg,https://www.artportalen.se/MediaLibrary/2020/6/7bdf223a-4a63-427a-a0e5-9077552ef0cd_image.jpg,https://www.artportalen.se/MediaLibrary/2020/6/97e1580a-75b9-4fbe-bc34-5d7c05f46311_image.jpg,https://www.artportalen.se/MediaLibrary/2020/6/d2c0486b-94dc-4046-8b87-fce0dc6c09de_image.jpg,https://www.artportalen.se/MediaLibrary/2020/6/dc13a0c9-a228-4797-ab87-33f49d67a107_image.jpg,https://www.artportalen.se/MediaLibrary/2020/6/210a0f5d-03d9-43e6-b676-debef2a7b874_image.jpg
näbbmus,https://www.artportalen.se/MediaLibrary/2020/6/8aba5004-55fd-4f2b-8912-29953265e4c6_image.jpg,https://www.artportalen.se/MediaLibrary/2020/5/849abb27-bff4-4643-9981-e0affb89b8a7_image.jpg,https://www.artportalen.se/MediaLibrary/2020/5/51097c94-5f30-4a5e-bb84-87d5cdb7f75b_image.jpg,https://www.artportalen.se/MediaLibrary/2020/5/9e8b794c-1a96-4e3f-b662-28bed592e259_image.jpg,https://www.artportalen.se/MediaLibrary/2020/5/d5662c2e-40f7-45ed-98fa-4ee5ed33a78f_image.jpg,https://www.artportalen.se/MediaLibrary/2020/5/873ab4b3-4547-40d3-8b99-a798431a04b3_image.jpg,https://www.artportalen.se/MediaLibrary/2020/5/d4ee1409-0964-4cdc-86c2-abafac81a609_image.jpg,https://www.artportalen.se/MediaLibrary/2020/5/3ad17f01-04d3-4f4a-b147-ef392ef5c67f_image.jpg,https://www.artportalen.se/MediaLibrary/2020/5/ae508111-fa80-432b-878d-272a9ea20f06_image.jpg,https://www.artportalen.se/MediaLibrary/2020/5/75c29f11-00db-47ed-af53-f4403d7754e2_image.jpg,https://www.artportalen.se/MediaLibrary/2020/5/34d6d23b-aee2-4641-bfcd-42c37c16c34f_image.jpg,https://www.artportalen.se/MediaLibrary/2020/5/0ee9dadc-72f1-4769-95a9-357c687fad7a_image.jpg
vattennäbbmus,https://www.artportalen.se/MediaLibrary/2020/6/09fe1778-8ee0-49ef-bc5e-e1880115eb0f_image.jpg,https://www.artportalen.se/MediaLibrary/2020/3/2ce63570-a493-455a-959a-ff1f65ec6b7d_image.jpg,https://www.artportalen.se/MediaLibrary/2019/9/2924d027-833d-4101-a1a7-b3f2bf685047_image.jpg,https://www.artportalen.se/MediaLibrary/2019/9/d5df1917-0341-442f-b466-2b41bcc0f366_image.jpg,https://www.artportalen.se/MediaLibrary/2019/9/c17d281e-26da-4ed7-a1f7-a210538be9dc_image.jpg,https://www.artportalen.se/MediaLibrary/2019/8/db1a6f1c-1ca7-42e5-a4da-75872e6fc90c_image.jpg,https://www.artportalen.se/MediaLibrary/2019/8/e668555a-94c4-4335-990e-221acf21b22a_image.jpg,https://www.artportalen.se/MediaLibrary/2019/8/ef1ff8f9-b865-4470-85b5-8f015f872cae_image.jpg,https://www.artportalen.se/MediaLibrary/2019/8/504844a2-24e1-47ef-bd7b-f7cd667a9b73_image.jpg,https://www.artportalen.se/MediaLibrary/2019/5/ce9e5f31-4b15-415c-9c49-1e48d1630e71_image.jpg,https://www.artportalen.se/MediaLibrary/2019/5/b5c9a6d9-6145-4f64-a526-87a59fdd77f3_image.jpg,https://www.artportalen.se/MediaLibrary/2019/4/850c3351-22b5-4918-b03d-7679b7013c22_image.jpg
mullvad,https://www.artportalen.se/MediaLibrary/2020/6/fb16eb8a-3d76-44d6-b8fb-13bb5e0a4a99_image.jpg,https://www.artportalen.se/MediaLibrary/2020/4/d91f9b60-6ffd-4bc2-8837-bcefff231bef_image.jpg,https://www.artportalen.se/MediaLibrary/2020/2/30e1021f-1acf-47ce-b6ce-d2e5d0361db6_image.jpg,https://www.artportalen.se/MediaLibrary/2020/2/13c5a34b-ad78-400a-aae1-908cbc44a9aa_image.jpg,https://www.artportalen.se/MediaLibrary/2019/8/c54c31c7-3299-4d09-ae9e-a81eeb1843d4_image.jpg,https://www.artportalen.se/MediaLibrary/2019/7/be33b736-9346-4e24-9125-dfb42ff29279_image.jpg,https://www.artportalen.se/MediaLibrary/2019/7/29434b4b-32f6-42b6-b2e1-b4a6e6dfd4a6_image.jpg,https://www.artportalen.se/MediaLibrary/2019/7/c186a9e5-2970-401d-a6f6-045e242c552c_image.jpg,https://www.artportalen.se/MediaLibrary/2018/11/1d7a0027-8d3b-4582-aa39-d4f4c980b2c4_image.jpg,https://www.artportalen.se/MediaLibrary/2018/5/10986b56-3cff-4820-aa42-d3ba90c97e66_image.jpg,https://www.artportalen.se/MediaLibrary/2018/4/1e067491-846b-46ae-a389-aa1fca022af5_image.jpg,https://www.artportalen.se/MediaLibrary/2017/8/e43099c1-de8d-4ddf-8723-8f59424c04fd_image.jpg
gråskimlig fladdermus,https://www.artportalen.se/MediaLibrary/2020/6/552779ed-1eae-4fee-840a-09109811e52b_image.jpg,https://www.artportalen.se/MediaLibrary/2020/6/38cdb4c7-54cb-4418-a7c1-b229ef308a8a_image.jpg,https://www.artportalen.se/MediaLibrary/2020/6/e5db84a9-a64e-4a58-891f-c2cdc41acf12_image.jpg,https://www.artportalen.se/MediaLibrary/2020/4/2530aafd-ad84-4b76-9011-78b84261a790_image.jpg,https://www.artportalen.se/MediaLibrary/2019/12/b1780578-a721-4f8e-a4c7-488a971f9708_image.jpg,https://www.artportalen.se/MediaLibrary/2019/12/071dfa18-be84-44f3-8d3c-c259ed3f5655_image.jpg,https://www.artportalen.se/MediaLibrary/2019/10/67c70e7d-72ef-40de-ab94-8d5f92d658db_image.jpg,https://www.artportalen.se/MediaLibrary/2019/10/ce0f1ad9-8725-4016-a3fb-49696ad5a999_image.jpg,https://www.artportalen.se/MediaLibrary/2019/10/607be4eb-274d-4364-b9b2-c7a556616933_image.jpg,https://www.artportalen.se/MediaLibrary/2019/9/e06bd86f-4a3e-4c28-bf08-726b2814c90d_image.jpg,https://www.artportalen.se/MediaLibrary/2019/9/e4312274-84d8-4fe2-9676-f81a9d8c9767_image.jpg,https://www.artportalen.se/MediaLibrary/2019/9/b7fb01b2-31f1-4f9f-8777-1292ad22d076_image.jpg
rödräv,https://www.artportalen.se/MediaLibrary/2020/6/e7137765-198e-47e0-80c9-a590997509fb_image.jpg,https://www.artportalen.se/MediaLibrary/2020/6/5d5560f7-b84a-4f4d-b432-0a9c35f643f5_image.jpg,https://www.artportalen.se/MediaLibrary/2020/6/6787aa7d-3633-4e97-ad8b-1193ee27309a_image.jpg,https://www.artportalen.se/MediaLibrary/2020/6/42d119cf-02ba-404d-8964-97213c6eca55_image.jpg,https://www.artportalen.se/MediaLibrary/2020/6/a7f9a2cc-41fa-48af-9865-1902083b32e0_image.jpg,https://www.artportalen.se/MediaLibrary/2020/6/40fc369b-542c-4b10-bc12-5df8364dabdb_image.jpg,https://www.artportalen.se/MediaLibrary/2020/6/35344249-85db-4d0c-a5e9-4c15cbacfd5e_image.jpg,https://www.artportalen.se/MediaLibrary/2020/6/49d5d7ba-e257-4fac-bc5c-d1f30bdfe7ce_image.jpg,https://www.artportalen.se/MediaLibrary/2020/6/db9cb4c1-9bf7-4d70-8ea9-62bcce59311b_image.jpg,https://www.artportalen.se/MediaLibrary/2020/6/64e8290b-0f0b-4dbb-8b61-43580776641e_image.jpg,https://www.artportalen.se/MediaLibrary/2020/6/0b876dab-989e-49f7-a9f0-920651930be8_image.jpg,https://www.artportalen.se/MediaLibrary/2020/6/e1d88c5f-3fd8-4dc9-aba4-0ee92d5f2fbc_image.jpg
grävling,https://www.artportalen.se/MediaLibrary/2020/6/a87e8b42-afc7-4e09-b2d8-6f6dd2eab876_image.jpg,https://www.artportalen.se/MediaLibrary/2020/6/1f733d50-c146-4b69-bc75-5311ee212bf4_image.jpg,https://www.artportalen.se/MediaLibrary/2020/6/ddf5fd1f-5f45-4cf4-b0c6-672bde53308b_image.jpg,https://www.artportalen.se/MediaLibrary/2020/6/7dad58fe-26b9-4945-bbf8-1f0834f2abd0_image.jpg,https://www.artportalen.se/MediaLibrary/2020/6/ce22a5b8-a36e-4a88-8ce2-8c7721ddbedf_image.jpg,https://www.artportalen.se/MediaLibrary/2020/6/0327c8c8-9cf2-4571-a5e4-95e870f19905_image.jpg,https://www.artportalen.se/MediaLibrary/2020/6/aa2cca58-263a-4c57-b08c-010cc9a3884c_image.jpg,https://www.artportalen.se/MediaLibrary/2020/6/a29be474-dc54-43ae-9f72-a662f2e7c273_image.jpg,https://www.artportalen.se/MediaLibrary/2020/6/16e76fd4-a550-4924-ae73-a1e16e6d7827_image.jpg,https://www.artportalen.se/MediaLibrary/2020/6/bb603b78-0859-4f7a-b2e0-654c4f55de34_image.jpg,https://www.artportalen.se/MediaLibrary/2020/5/93713400-42d2-49dc-8692-580f476a4cf2_image.jpg,https://www.artportalen.se/MediaLibrary/2020/5/ddbc2c7e-d621-4205-b012-1c3cfe5d0b6e_image.jpg
utter,https://www.artportalen.se/MediaLibrary/2020/6/4a2539ce-e7ba-4bcc-a2a2-24d100203e4f_image.jpg,https://www.artportalen.se/MediaLibrary/2020/6/d4ed59d2-37b7-4dd5-95b1-ccdb3a0d9e98_image.jpg,https://www.artportalen.se/MediaLibrary/2020/6/6a192ee9-bdb8-4de3-81e4-90ef6ebc94b0_image.jpg,https://www.artportalen.se/MediaLibrary/2020/6/0e871e64-c1b8-4ef5-8870-d3019ab7c780_image.jpg,https://www.artportalen.se/MediaLibrary/2020/6/c79f963c-3bad-4d34-bc6c-38836769d4f5_image.jpg,https://www.artportalen.se/MediaLibrary/2020/5/aefcfa57-0f1d-4c3c-adaa-98aaa8d02e8e_image.jpg,https://www.artportalen.se/MediaLibrary/2020/5/bc8383fd-470a-4e1f-95b2-503032fab2a6_image.jpg,https://www.artportalen.se/MediaLibrary/2020/5/17a0d1b7-1d44-42a7-ab2f-a1d996bcfb42_image.jpg,https://www.artportalen.se/MediaLibrary/2020/5/fb59485d-582a-47d5-8dd3-6893b804138e_image.jpg,https://www.artportalen.se/MediaLibrary/2020/5/8590d313-883f-41ff-8e6f-ba03691e2525_image.jpg,https://www.artportalen.se/MediaLibrary/2020/5/529ad7b9-9eb3-4108-a409-c0f9b8db61d8_image.jpg,https://www.artportalen.se/MediaLibrary/2020/5/1491b423-059c-43fb-a766-903e8a4da465_image.jpg
mink,https://www.artportalen.se/MediaLibrary/2020/4/696e1189-11c7-4ed2-a935-eaec979f19f7_image.jpg,https://www.artportalen.se/MediaLibrary/2020/4/06c58d75-4c41-4c3c-bbac-2f195b80ce5c_image.jpg,https://www.artportalen.se/MediaLibrary/2020/4/009eeb52-f763-4eed-ad85-4e1a12fd27ba_image.jpg,https://www.artportalen.se/MediaLibrary/2020/4/4c62d815-88d4-40e6-b6f6-ffbd838793f3_image.jpg,https://www.artportalen.se/MediaLibrary/2020/4/cf290bf0-1c72-43aa-b7fe-4d09c679fd2e_image.jpg,https://www.artportalen.se/MediaLibrary/2020/4/d0418aa4-2ca5-4dae-9fa4-0c2b40d61534_image.jpg,https://www.artportalen.se/MediaLibrary/2020/4/cdf07b08-2069-4949-9cfe-6b014e959f81_image.jpg,https://www.artportalen.se/MediaLibrary/2020/4/76ef71c0-399d-47af-a070-23d6b8b9a927_image.jpg,https://www.artportalen.se/MediaLibrary/2020/4/5027335a-bd82-411c-a6ed-91112014cc1d_image.jpg,https://www.artportalen.se/MediaLibrary/2020/4/94cc536e-9740-422e-825b-a328c9ebf9aa_image.jpg,https://www.artportalen.se/MediaLibrary/2020/4/8cd16f91-074a-4ac6-bd56-01c70aad1472_image.jpg,https://www.artportalen.se/MediaLibrary/2020/4/057c6e47-84b9-4e71-a178-4c265f7f545c_image.jpg
mård,https://www.artportalen.se/MediaLibrary/2020/6/18da40f9-5fb6-4db3-949a-8d8eabf890d0_image.jpg,https://www.artportalen.se/MediaLibrary/2020/6/7665a138-f947-492a-98b5-ad6142ff8a47_image.jpg,https://www.artportalen.se/MediaLibrary/2020/6/697d44c5-4d2a-42d5-a6f2-4cff6023222d_image.jpg,https://www.artportalen.se/MediaLibrary/2020/6/8bc94586-4169-4c91-a2c6-b2ae4b73fc85_image.jpg,https://www.artportalen.se/MediaLibrary/2020/6/f0c4648e-6e53-4b6e-a2d0-5a5fbc69096d_image.jpg,https://www.artportalen.se/MediaLibrary/2020/5/c3bf8862-47dc-4e62-b40f-6370b056e680_image.jpg,https://www.artportalen.se/MediaLibrary/2020/5/00af23be-598f-48ec-9ba1-e9d79738f879_image.jpg,https://www.artportalen.se/MediaLibrary/2020/5/294c157b-b05d-46dc-8a9b-cdbcbf1e05cc_image.jpg,https://www.artportalen.se/MediaLibrary/2020/5/376584ed-ac32-4cfc-af6d-633d3ede6304_image.jpg,https://www.artportalen.se/MediaLibrary/2020/5/7a368ee8-2387-4edd-9e52-440dac367ead_image.jpg,https://www.artportalen.se/MediaLibrary/2020/5/c4c7754d-d54b-4ce1-bd7d-cd6fb87064b0_image.jpg,https://www.artportalen.se/MediaLibrary/2020/5/72bb1ce5-f9c1-419a-9ea8-e5ed28e86826_image.jpg
hermelin,https://www.artportalen.se/MediaLibrary/2020/5/a1047cf9-e181-4f71-ac3b-ef448233885e_image.jpg,https://www.artportalen.se/MediaLibrary/2020/5/53f06348-957b-4520-8934-e154991f637f_image.jpg,https://www.artportalen.se/MediaLibrary/2020/5/581a564a-1a1b-4540-8cc8-26d795605758_image.jpg,https://www.artportalen.se/MediaLibrary/2020/5/c84776fe-093a-4153-b66b-61952ff3b69e_image.jpg,https://www.artportalen.se/MediaLibrary/2020/5/735eed7e-3515-45a8-b0cc-fe13434c1c19_image.jpg,https://www.artportalen.se/MediaLibrary/2020/5/aaab78aa-662f-4db1-b292-dd081cd5f843_image.jpg,https://www.artportalen.se/MediaLibrary/2020/4/9e3c1a45-8184-45d7-8489-854dc1afde05_image.jpg,https://www.artportalen.se/MediaLibrary/2020/4/fc45e81a-2c70-4631-a7ea-512002b2b471_image.jpg,https://www.artportalen.se/MediaLibrary/2020/4/108b6e0c-a06b-4af3-9065-8ab2a27e000a_image.jpg,https://www.artportalen.se/MediaLibrary/2020/4/67a534dc-32a0-4389-a8fe-4a57bb19305a_image.jpg,https://www.artportalen.se/MediaLibrary/2020/4/2729e92a-f96f-4240-bfc2-51bd09ef5bbb_image.jpg,https://www.artportalen.se/MediaLibrary/2020/4/0e7fdde8-d25f-439a-9667-a172c20c7a46_image.jpg
vessla,https://www.artportalen.se/MediaLibrary/2020/5/68ffcb30-a14e-49c9-ab68-68eb96c957df_image.jpg,https://www.artportalen.se/MediaLibrary/2020/5/0bdb488e-7eb2-4be9-8090-201ccd27fa24_image.jpg,https://www.artportalen.se/MediaLibrary/2020/5/c3f8aaa9-cbee-49d7-935a-676a97aea7e9_image.jpg,https://www.artportalen.se/MediaLibrary/2020/5/30d9f9e7-b454-465c-b067-b0da116461a9_image.jpg,https://www.artportalen.se/MediaLibrary/2020/5/0cf3b9e5-5260-4f98-addb-afd75092f474_image.jpg,https://www.artportalen.se/MediaLibrary/2020/5/67fecc11-0c0e-4297-abbb-5957835171c2_image.jpg,https://www.artportalen.se/MediaLibrary/2020/4/9071eeb5-fe52-4efa-8edd-05d637de3581_image.jpg,https://www.artportalen.se/MediaLibrary/2020/4/5f11e20d-a034-4c7f-8a68-25bfa497e210_image.jpg,https://www.artportalen.se/MediaLibrary/2020/4/fa542021-0344-45e3-86ba-4416d45d9089_image.jpg,https://www.artportalen.se/MediaLibrary/2020/4/fac38ee8-669e-43c2-8771-bfe6e04cfad7_image.jpg,https://www.artportalen.se/MediaLibrary/2020/4/d8ae4f4f-0c7c-49c2-810d-7de56dc90338_image.jpg,https://www.artportalen.se/MediaLibrary/2020/4/1d8127ea-1817-4438-86c4-a814f2d09c8b_image.jpg
iller,https://www.artportalen.se/MediaLibrary/2020/5/2f338da7-d7d4-4e2e-8554-885eb5f67024_image.jpg,https://www.artportalen.se/MediaLibrary/2020/5/a81e04fe-c66b-47f6-8185-17ee7e854b2d_image.jpg,https://www.artportalen.se/MediaLibrary/2019/11/e45e00b5-7b7b-4caa-8883-3bcc4bc017ac_image.jpg,https://www.artportalen.se/MediaLibrary/2019/10/3276aa1e-97eb-45bf-9009-92cf19c2c870_image.jpg,https://www.artportalen.se/MediaLibrary/2019/9/81e8ca9c-530a-4f13-9893-60b6772b31dd_image.jpg,https://www.artportalen.se/MediaLibrary/2019/9/62c04a61-62f5-40ac-85d2-44a85913c5a7_image.jpg,https://www.artportalen.se/MediaLibrary/2019/7/927c3abb-792c-43a8-9048-7fce9293b7b3_image.jpg,https://www.artportalen.se/MediaLibrary/2019/3/b2c0971b-0016-4522-a1e8-9e11d1d9973c_image.jpg,https://www.artportalen.se/MediaLibrary/2019/3/50cb634f-4b22-40ae-a09e-e1137efba3e4_image.jpg,https://www.artportalen.se/MediaLibrary/2019/3/14a4dd44-7223-4691-872d-16c6caa6f77b_image.jpg,https://www.artportalen.se/MediaLibrary/2019/2/c0b32d72-9fcb-453a-980b-8206c022bc17_image.jpg,https://www.artportalen.se/MediaLibrary/2018/12/0660fc45-5cb4-4ccd-ac93-5f4e0284231d_image.jpg
gråsäl,https://www.artportalen.se/MediaLibrary/2020/6/0d0c8b74-b086-4882-ac36-091a99802523_image.jpg,https://www.artportalen.se/MediaLibrary/2020/6/92f3681d-a962-4985-aff8-24bbecc505db_image.jpg,https://www.artportalen.se/MediaLibrary/2020/5/b1ee6ee4-f76e-4e0f-bd61-fcc97de9163e_image.jpg,https://www.artportalen.se/MediaLibrary/2020/5/cfe758cb-8f19-47df-b8df-0e3d0842309b_image.jpg,https://www.artportalen.se/MediaLibrary/2020/5/dc0b273b-006e-4f0f-87a4-bc5b98c3899d_image.jpg,https://www.artportalen.se/MediaLibrary/2020/5/3d82b00f-6a88-476b-9594-8539d066f77c_image.jpg,https://www.artportalen.se/MediaLibrary/2020/5/6fd03dc5-3ad5-445d-88bb-688db7558360_image.jpg,https://www.artportalen.se/MediaLibrary/2020/5/fdd4dc1a-0a6d-46d7-81d8-3c53c0c61279_image.jpg,https://www.artportalen.se/MediaLibrary/2020/4/54a63e7c-f1e4-42ae-8358-917e5ca419e3_image.jpg,https://www.artportalen.se/MediaLibrary/2020/4/f229311f-0bae-4641-987f-dbbfd1362304_image.jpg,https://www.artportalen.se/MediaLibrary/2020/4/c936efa0-5a11-4b16-8d3e-21f1296bc1f1_image.jpg,https://www.artportalen.se/MediaLibrary/2020/4/b5203fc7-cc4a-4d94-8de7-1a596877222d_image.jpg
knubbsäl,https://www.artportalen.se/MediaLibrary/2020/5/5c855673-9f13-4083-945c-155544280402_image.jpg,https://www.artportalen.se/MediaLibrary/2020/5/0a0a498f-85fd-4111-8ece-c3734c632427_image.jpg,https://www.artportalen.se/MediaLibrary/2020/5/e591ff4f-a532-4ae9-a325-727a93ea266d_image.jpg,https://www.artportalen.se/MediaLibrary/2020/4/11567ea2-7c85-470c-8cbd-cccef3c3ff32_image.jpg,https://www.artportalen.se/MediaLibrary/2020/4/a4ee5158-cb50-4f30-bbdc-72c5b6b815a5_image.jpg,https://www.artportalen.se/MediaLibrary/2020/4/d7690df3-3345-403e-afa0-131b616027a5_image.jpg,https://www.artportalen.se/MediaLibrary/2020/4/1d173f7c-d64c-4d64-846e-08d17e242075_image.jpg,https://www.artportalen.se/MediaLibrary/2020/4/c17685e6-9640-478f-8920-61493de25daa_image.jpg,https://www.artportalen.se/MediaLibrary/2020/4/2909c778-9718-45a2-a9c3-d6734fa96d85_image.jpg,https://www.artportalen.se/MediaLibrary/2020/4/f89cb465-f5f2-47e5-bce4-b08b85ab353f_image.jpg,https://www.artportalen.se/MediaLibrary/2020/4/aad3e5ee-81b4-4d49-b4c3-314ba59fd66a_image.jpg,https://www.artportalen.se/MediaLibrary/2020/3/66191eb8-2218-4e24-b115-93b4d9cc88a3_image.jpg
vikare,https://www.artportalen.se/MediaLibrary/2020/5/40aa0d30-bcd4-4392-b0aa-a7fca4af53cf_image.jpg,https://www.artportalen.se/MediaLibrary/2020/5/28758789-0ae5-409a-9947-57a7547690ad_image.jpg,https://www.artportalen.se/MediaLibrary/2020/5/847fbf9f-0500-4ddd-a804-aa45dab8261b_image.jpg,https://www.artportalen.se/MediaLibrary/2020/5/1045da15-fb12-4303-b532-5583e836018c_image.jpg,https://www.artportalen.se/MediaLibrary/2020/5/e0d0005a-83e3-43f9-bc28-fd31b9f6a00b_image.jpg,https://www.artportalen.se/MediaLibrary/2020/1/0104fd6a-4f99-4742-9de2-46e65db5cd40_image.jpg,https://www.artportalen.se/MediaLibrary/2020/1/c8e53322-64e6-4955-96ce-2bc3b4df7cbf_image.jpg,https://www.artportalen.se/MediaLibrary/2019/10/8c57a4dc-6a20-48f5-a6ab-dae5e01999a5_image.jpg,https://www.artportalen.se/MediaLibrary/2019/10/27b63134-ac37-496a-bff9-2a8af855e3bd_image.jpg,https://www.artportalen.se/MediaLibrary/2019/10/f63c2eda-b280-4098-ac12-1486aee206b4_image.jpg,https://www.artportalen.se/MediaLibrary/2019/7/c3d031c6-bb6b-4746-8898-e8bbe31f68ae_image.jpg,https://www.artportalen.se/MediaLibrary/2018/9/c6936880-6d8d-4f4a-9957-bdb7d6763cc2_image.jpg
älg,https://www.artportalen.se/MediaLibrary/2020/6/01bf7fbe-a818-4f99-a82a-0a6623586ae5_image.jpg,https://www.artportalen.se/MediaLibrary/2020/6/0c4e1d35-bb91-423c-a233-57e0f28d1db5_image.jpg,https://www.artportalen.se/MediaLibrary/2020/6/753323b1-fc4f-42ec-98d4-30b07a72c6a9_image.jpg,https://www.artportalen.se/MediaLibrary/2020/6/0a2f8352-5f99-41ed-95a7-cefafdfbc338_image.jpg,https://www.artportalen.se/MediaLibrary/2020/6/d1ab9a8c-5a87-43f8-b23a-4008b32bb773_image.jpg,https://www.artportalen.se/MediaLibrary/2020/6/f3f02bcc-e7b9-4c7d-a938-bb454fb450df_image.jpg,https://www.artportalen.se/MediaLibrary/2020/6/681e0894-9612-42de-a1fd-d0d00893da60_image.jpg,https://www.artportalen.se/MediaLibrary/2020/6/113b855b-8b39-4195-9c99-97de3c4be6e2_image.jpg,https://www.artportalen.se/MediaLibrary/2020/6/4e07a68e-d902-45f4-ae8b-4fc7427763f2_image.jpg,https://www.artportalen.se/MediaLibrary/2020/5/cb480227-b600-4ff0-b09e-aeb37bd98d5f_image.jpg,https://www.artportalen.se/MediaLibrary/2020/5/fe0da298-decc-4abf-8e82-42333f57ede3_image.jpg,https://www.artportalen.se/MediaLibrary/2020/5/503410f7-6e21-4bfb-a9d6-6811a40c992e_image.jpg
rådjur,https://www.artportalen.se/MediaLibrary/2020/6/06d1af22-b226-419f-a433-0391443255ef_image.jpg,https://www.artportalen.se/MediaLibrary/2020/6/fa684fb2-bc66-42e9-8fc5-6b208f23317d_image.jpg,https://www.artportalen.se/MediaLibrary/2020/6/8b81fe7c-f951-44ab-81b2-e6a9dd8c85db_image.jpg,https://www.artportalen.se/MediaLibrary/2020/6/be3c83c7-63e8-419e-9d9e-80c92457ea1c_image.jpg,https://www.artportalen.se/MediaLibrary/2020/6/8b29e27e-5811-4718-ab31-63a2c91765b5_image.jpg,https://www.artportalen.se/MediaLibrary/2020/6/976296cd-34a1-4f90-8a72-c0b2fb7860bf_image.jpg,https://www.artportalen.se/MediaLibrary/2020/6/49cdb73a-7f8a-4b5e-80f5-fb52345605fc_image.jpg,https://www.artportalen.se/MediaLibrary/2020/6/604d7676-d318-4ca2-bbff-a074671a7ad6_image.jpg,https://www.artportalen.se/MediaLibrary/2020/6/33385a7a-6b8a-4045-aafe-57febf1cf848_image.jpg,https://www.artportalen.se/MediaLibrary/2020/6/30822310-146d-4fac-b2be-44a68a590397_image.jpg,https://www.artportalen.se/MediaLibrary/2020/6/4ac4f816-f424-4c0f-9bcb-fdee7a297dee_image.jpg,https://www.artportalen.se/MediaLibrary/2020/6/24de2ba8-66e3-4d96-b005-4c82d1abb9e9_image.jpg
kronhjort,https://www.artportalen.se/MediaLibrary/2020/6/0db11bf1-ff87-47ba-bf16-b02cdde2ddee_image.jpg,https://www.artportalen.se/MediaLibrary/2020/6/8a629e34-aaba-4e71-8dd8-8ba981c3fb1c_image.jpg,https://www.artportalen.se/MediaLibrary/2020/5/5c791d87-1d7b-4f26-9cc0-f9e15436e21a_image.jpg,https://www.artportalen.se/MediaLibrary/2020/5/b150408e-5c9d-48e9-938e-eaa96bd9d683_image.jpg,https://www.artportalen.se/MediaLibrary/2020/5/2e21e960-ad68-4393-9500-3b0610a363b0_image.jpg,https://www.artportalen.se/MediaLibrary/2020/5/29f7b074-30b7-4415-96cb-734b161f32ee_image.jpg,https://www.artportalen.se/MediaLibrary/2020/5/c599ef2c-44e3-4365-b447-ad5459f4084e_image.jpg,https://www.artportalen.se/MediaLibrary/2020/5/4d32c653-d0a5-4421-b80a-8060511272ad_image.jpg,https://www.artportalen.se/MediaLibrary/2020/5/4fca0d67-5f04-4d64-b3b0-3c44a5f8c545_image.jpg,https://www.artportalen.se/MediaLibrary/2020/5/d9ba465e-63f4-461f-a1ba-95c641a097be_image.jpg,https://www.artportalen.se/MediaLibrary/2020/4/a3a65224-55e9-4f46-8c7a-9c36048d5677_image.jpg,https://www.artportalen.se/MediaLibrary/2020/4/8fef08d9-e6ef-4f53-b372-260614a30441_image.jpg
dovhjort,https://www.artportalen.se/MediaLibrary/2020/6/85461e4d-ba47-4e6a-8cd8-714a0a17f469_image.jpg,https://www.artportalen.se/MediaLibrary/2020/6/a4d84374-9d46-4e20-a832-550480e3ac80_image.jpg,https://www.artportalen.se/MediaLibrary/2020/6/32972cd2-7524-4cf4-b6e7-fa0d9a1fbdfd_image.jpg,https://www.artportalen.se/MediaLibrary/2020/6/4a720112-95e0-4737-8a13-9563d4167a21_image.jpg,https://www.artportalen.se/MediaLibrary/2020/6/1463bcb6-b375-4043-b561-dd8b50e2beb5_image.jpg,https://www.artportalen.se/MediaLibrary/2020/5/509022ed-9f36-4acf-ae7b-a674b510641d_image.jpg,https://www.artportalen.se/MediaLibrary/2020/5/ecee7b27-6606-4ddc-8cec-dd126c0e3042_image.jpg,https://www.artportalen.se/MediaLibrary/2020/5/6d43d914-439e-4460-bfd1-76eedb3cc4cb_image.jpg,https://www.artportalen.se/MediaLibrary/2020/5/0acc6597-1dcf-4a4a-ab69-1d0eaa83b031_image.jpg,https://www.artportalen.se/MediaLibrary/2020/5/6e55d03e-0e03-4289-9f52-77ea71fdaad8_image.jpg,https://www.artportalen.se/MediaLibrary/2020/5/972f283a-2048-482e-ae81-62e3a68d4775_image.jpg,https://www.artportalen.se/MediaLibrary/2020/5/50be1296-540a-40a1-a5b9-2cb6f1f67b11_image.jpg
ekorre,https://www.artportalen.se/MediaLibrary/2020/6/adced3bd-3d9e-4c11-8781-aaba5cc06543_image.jpg,https://www.artportalen.se/MediaLibrary/2020/6/ec242260-7f26-4c74-ab0b-a8b8ac3b5bdf_image.jpg,https://www.artportalen.se/MediaLibrary/2020/6/aef99d37-d670-4f05-8fdb-371b208d533a_image.jpg,https://www.artportalen.se/MediaLibrary/2020/6/5e6eb463-6fd7-456b-9fc5-cf06f94a9f12_image.jpg,https://www.artportalen.se/MediaLibrary/2020/6/3ac74fc8-2df5-4d2d-89bc-5472994e6abe_image.jpg,https://www.artportalen.se/MediaLibrary/2020/6/77207dff-93c4-435d-bf64-bc79c5b06fa2_image.jpg,https://www.artportalen.se/MediaLibrary/2020/6/efca58ad-8822-44b8-9641-c4bc9660b8d7_image.jpg,https://www.artportalen.se/MediaLibrary/2020/6/1ea300bd-a843-4baf-8228-8f9f86d25940_image.jpg,https://www.artportalen.se/MediaLibrary/2020/6/78030109-c726-4753-bf72-7805704c0db3_image.jpg,https://www.artportalen.se/MediaLibrary/2020/6/3a062ad8-2936-4960-8d6c-d2be26eb2ec1_image.jpg,https://www.artportalen.se/MediaLibrary/2020/6/ba305a38-fb6f-481d-a852-f5531e1532f8_image.jpg,https://www.artportalen.se/MediaLibrary/2020/6/2abf96d2-905f-429a-a004-f040f9ca97ad_image.jpg
bäver,https://www.artportalen.se/MediaLibrary/2020/6/913a71b8-5ad8-467a-af9d-a17f4770958d_image.jpg,https://www.artportalen.se/MediaLibrary/2020/6/285751da-c0af-4161-83e6-44f0f852b8a1_image.jpg,https://www.artportalen.se/MediaLibrary/2020/6/9b945082-e55d-43cf-9f17-ce280b48f851_image.jpg,https://www.artportalen.se/MediaLibrary/2020/6/36506913-8224-4db0-b600-5f4d49e5baf7_image.jpg,https://www.artportalen.se/MediaLibrary/2020/6/7efee4f7-8ad0-491f-b7d8-b150ebb9a275_image.jpg,https://www.artportalen.se/MediaLibrary/2020/6/67d1af78-63d8-40ed-b82b-75f874502b64_image.jpg,https://www.artportalen.se/MediaLibrary/2020/6/7fc6709b-f79a-44ce-b15c-a37d7ab7dcf5_image.jpg,https://www.artportalen.se/MediaLibrary/2020/5/70580066-ab0a-43bd-afbb-982f62326f49_image.jpg,https://www.artportalen.se/MediaLibrary/2020/5/c6e083d9-0497-456a-9c2f-9f74c0b7469d_image.jpg,https://www.artportalen.se/MediaLibrary/2020/5/fa1e6d61-62ea-4c1d-bf47-93ff7f474ee3_image.jpg,https://www.artportalen.se/MediaLibrary/2020/5/b19604db-c294-4615-afc5-6b064588d020_image.jpg,https://www.artportalen.se/MediaLibrary/2020/5/f8ac2d85-e754-45a3-a790-e1d002047a9c_image.jpg
bisam,https://www.artportalen.se/MediaLibrary/2020/5/df70b845-0e8c-41af-8fdb-d90127da4690_image.jpg,https://www.artportalen.se/MediaLibrary/2020/5/26668c98-e66a-450b-bf9b-3ea798ad0c2d_image.jpg,https://www.artportalen.se/MediaLibrary/2020/5/a5fb5e68-6892-4b77-ac98-b75a33e8a2ab_image.jpg,https://www.artportalen.se/MediaLibrary/2020/4/0c58913d-5cba-49c1-af9a-2b81f69437f3_image.jpg,https://www.artportalen.se/MediaLibrary/2020/4/c28fe7ba-47c6-4a65-b4ee-346b2dce4c8e_image.jpg,https://www.artportalen.se/MediaLibrary/2020/4/5b076234-9f05-450a-9059-2a103ce03e51_image.jpg,https://www.artportalen.se/MediaLibrary/2019/12/b1ab8bee-47f1-4147-846a-9bc87c2d5bc8_image.jpg,https://www.artportalen.se/MediaLibrary/2019/6/7fa1cd20-f8e8-4564-b7f4-17f8a6b90f51_image.jpg,https://www.artportalen.se/MediaLibrary/2019/5/831c9192-6311-40f5-af69-295d5538661e_image.jpg,https://www.artportalen.se/MediaLibrary/2019/5/ec2d47cf-5578-49a2-8752-53ba09e0fb51_image.jpg,https://www.artportalen.se/MediaLibrary/2018/5/f94828e3-7aa8-4db8-aa40-2360f2334925_image.jpg,https://www.artportalen.se/MediaLibrary/2018/5/d97ed1a9-2f32-4a1b-9f13-638ae0f76e53_image.jpg
brun råtta,https://www.artportalen.se/MediaLibrary/2020/6/dacd29fa-7f72-4986-87e6-d89a4addd03e_image.jpg,https://www.artportalen.se/MediaLibrary/2020/6/76ab443f-5f16-4013-88e3-0fbb1e0f478b_image.jpg,https://www.artportalen.se/MediaLibrary/2020/6/0c38154c-64d7-4455-8bc0-356aea4007d1_image.jpg,https://www.artportalen.se/MediaLibrary/2020/6/64c728d6-66c8-42da-b6a4-0db4caf82539_image.jpg,https://www.artportalen.se/MediaLibrary/2020/6/23456b7d-9434-49d9-91cf-ea1cc19c341d_image.jpg,https://www.artportalen.se/MediaLibrary/2020/6/5e9f18c2-70e2-47a9-9272-4b6842e767a0_image.jpg,https://www.artportalen.se/MediaLibrary/2020/6/4f2305f9-17e4-4be4-aea6-085c1a69fc9b_image.jpg,https://www.artportalen.se/MediaLibrary/2020/5/e7ee8662-29ee-4d17-b27c-dd0b26a8a177_image.jpg,https://www.artportalen.se/MediaLibrary/2020/5/32e9225c-55db-43c6-8fb2-fbf5f937d47a_image.jpg,https://www.artportalen.se/MediaLibrary/2020/4/7f9a9530-8fe8-4541-bfb9-aa55de2dfe0e_image.jpg,https://www.artportalen.se/MediaLibrary/2020/4/b60ec14f-e7ac-4bc7-8133-074078253fd8_image.jpg,https://www.artportalen.se/MediaLibrary/2020/3/8d4924fe-e5a1-43b1-b614-036511ee73a6_image.jpg
större skogsmus,https://www.artportalen.se/MediaLibrary/2020/6/d989bcbf-42f0-45fb-85ff-f04d116182c5_image.jpg,https://www.artportalen.se/MediaLibrary/2020/6/ea1ffaeb-ee1c-42b8-b3d9-5cffc5fed204_image.jpg,https://www.artportalen.se/MediaLibrary/2020/6/2adb80c4-2ac9-437b-8087-fa1af2d13c48_image.jpg,https://www.artportalen.se/MediaLibrary/2020/6/961e2c63-1843-427c-b3fe-e45878015257_image.jpg,https://www.artportalen.se/MediaLibrary/2020/5/76b0c953-5670-488b-8d76-19fe1aee91aa_image.jpg,https://www.artportalen.se/MediaLibrary/2020/5/b198ed46-312c-412c-bd4c-41edd0906a98_image.jpg,https://www.artportalen.se/MediaLibrary/2020/5/b63c9395-f361-43f5-9285-c8181dd557d2_image.jpg,https://www.artportalen.se/MediaLibrary/2020/5/acfa7998-2b42-42d8-93f5-094e3cb14bdd_image.jpg,https://www.artportalen.se/MediaLibrary/2020/5/27a45d9c-831a-4274-9f66-3cbbc3d5cc11_image.jpg,https://www.artportalen.se/MediaLibrary/2020/4/643aa691-731d-4b63-80ad-30393a480a28_image.jpg,https://www.artportalen.se/MediaLibrary/2020/4/fa39a910-c2bf-44e3-9bc1-f70c2988b4e9_image.jpg,https://www.artportalen.se/MediaLibrary/2020/4/032a2dbd-b2e2-4401-bacb-8f823bf25141_image.jpg
husmus,https://www.artportalen.se/MediaLibrary/2019/8/aec717de-ea73-459c-9ad2-0de9e786bf83_image.jpg,https://www.artportalen.se/MediaLibrary/2019/8/4338b939-7aa2-42d2-9c80-ca9f80bb995e_image.jpg,https://www.artportalen.se/MediaLibrary/2019/8/24b6ad90-f8f7-495d-980e-f018ee7d692c_image.jpg,https://www.artportalen.se/MediaLibrary/2019/1/d815b0c2-f276-4562-92b8-c116605b8734_image.jpg,https://www.artportalen.se/MediaLibrary/2019/1/00241331-6739-455e-bc6d-487b27aaaad5_image.jpg,https://www.artportalen.se/MediaLibrary/2018/3/eeb9991a-b7fa-4b4d-9b56-243f608f1d73_image.jpg,https://www.artportalen.se/MediaLibrary/2018/2/9d5098fa-107a-439e-8199-95a42a13049d_image.jpg,https://www.artportalen.se/MediaLibrary/2017/7/c1326e93-d5e9-4dda-bf71-1d0c0d6ce260_image.jpg,https://www.artportalen.se/MediaLibrary/2017/5/976835d5-3e72-45cc-ae88-6becd84d520f_image.jpg,https://www.artportalen.se/MediaLibrary/2016/12/c367606c-8263-4330-b279-18b1080790f3_image.jpg,https://www.artportalen.se/MediaLibrary/2016/12/a713a587-ee9b-4fe0-bb79-46ef0fdb76ba_image.jpg,https://www.artportalen.se/MediaLibrary/2016/12/f46c9b92-eb64-47cc-a8f0-ea94b9b69251_image.jpg
fjällämmel,https://www.artportalen.se/MediaLibrary/2019/5/0313dfc3-f864-4377-ad4f-1d421062e442_image.jpg,https://www.artportalen.se/MediaLibrary/2018/11/83e2fbe6-5fb1-4eff-b6d2-c57fc6f55f78_image.jpg,https://www.artportalen.se/MediaLibrary/2018/11/5279f800-b2c7-40b9-bd95-49b896290a77_image.jpg,https://www.artportalen.se/MediaLibrary/2018/11/e9ffdf0a-8682-4681-b25a-eb9148cdc7c5_image.jpg,https://www.artportalen.se/MediaLibrary/2018/11/97acf206-318e-4c7b-bfef-5ce735838cc7_image.jpg,https://www.artportalen.se/MediaLibrary/2018/11/6b3c32dd-c82e-4763-8523-8d23f7d95dea_image.jpg,https://www.artportalen.se/MediaLibrary/2018/6/29d091f2-6f66-4963-b19e-0ee815168269_image.jpg,https://www.artportalen.se/MediaLibrary/2018/3/44184822-e36d-4b65-9603-c7dfd61ff99e_image.jpg,https://www.artportalen.se/MediaLibrary/2017/11/c39d7eb2-caf9-458f-9fe1-cfb7953d3186_image.jpg,https://www.artportalen.se/MediaLibrary/2017/11/9913b7ce-4b24-4c69-a80b-19fd5e64c9a3_image.jpg,https://www.artportalen.se/MediaLibrary/2017/11/51a02cc3-e239-44ec-8ce3-4e4909b32d07_image.jpg,https://www.artportalen.se/MediaLibrary/2017/8/c19b6b7c-f697-4dff-86d5-16df5021a8a9_image.jpg
skogslämmel,https://www.artportalen.se/MediaLibrary/2019/11/139c29b6-288e-4056-bf65-669c876702fd_image.jpg,https://www.artportalen.se/MediaLibrary/2019/11/62326f76-01a6-4635-a102-bd870f08c30e_image.jpg,https://www.artportalen.se/MediaLibrary/2019/9/9afd4cee-ab4c-4fa3-b86c-70981b1330e6_image.jpg,https://www.artportalen.se/MediaLibrary/2019/9/ff146241-4ea5-495a-964f-90d113be40ca_image.jpg,https://www.artportalen.se/MediaLibrary/2019/9/6b611af0-de1e-4809-8ac0-dc9f824f5310_image.jpg,https://www.artportalen.se/MediaLibrary/2019/9/43e07063-1558-4758-8df5-34a8f75fc57b_image.jpg,https://www.artportalen.se/MediaLibrary/2018/8/7cb78a2d-78f7-4dd7-a158-36900664d3d4_image.jpg,https://www.artportalen.se/MediaLibrary/2018/8/3e829776-9e6f-4d0d-8936-fe3d451091a0_image.jpg,https://www.artportalen.se/MediaLibrary/2018/8/9895ea47-d183-4a69-bfbf-081dcb1cb2a1_image.jpg,https://www.artportalen.se/MediaLibrary/2018/7/414cd39e-b1f5-49d9-aecb-2788b2810d52_image.jpg,https://www.artportalen.se/MediaLibrary/2018/7/b6210f73-8e7e-4500-b33a-d5abd73cac63_image.jpg,https://www.artportalen.se/MediaLibrary/2018/7/3a4d7447-eda0-483c-b04e-6386b6eebe51_image.jpg
vattensork,https://www.artportalen.se/MediaLibrary/2020/5/4d611aab-4b7a-4a3c-9c9c-6f7b16ebdb4b_image.jpg,https://www.artportalen.se/MediaLibrary/2020/5/ae4c0ca7-89fa-4d62-b4e7-9c620a3e7fe2_image.jpg,https://www.artportalen.se/MediaLibrary/2020/5/152670c3-3ec8-44b5-b539-8a9550863064_image.jpg,https://www.artportalen.se/MediaLibrary/2020/5/39190142-cb5f-4f37-8f5c-f02cc3be29ce_image.jpg,https://www.artportalen.se/MediaLibrary/2020/5/8f87e4d5-a0de-4d8c-acb6-d0db72b82286_image.jpg,https://www.artportalen.se/MediaLibrary/2020/5/69f5ba35-a291-4325-8b94-6d72e8f147fa_image.jpg,https://www.artportalen.se/MediaLibrary/2020/5/568fd084-b49e-4bdd-b9a2-a0227e736487_image.jpg,https://www.artportalen.se/MediaLibrary/2020/5/f8e0b1a7-02d1-455b-ac8f-6b423ff8657a_image.jpg,https://www.artportalen.se/MediaLibrary/2020/5/80a2848e-0f75-4d2f-9e80-ed1f094de417_image.jpg,https://www.artportalen.se/MediaLibrary/2020/5/5c49e4f0-555e-4c57-9540-9204866c91c1_image.jpg,https://www.artportalen.se/MediaLibrary/2020/5/aae289b6-dfc2-4f9c-9843-61901b9f5d02_image.jpg,https://www.artportalen.se/MediaLibrary/2020/5/fe8cc863-85b6-4959-8c2b-d56785637576_image.jpg
skogssork,https://www.artportalen.se/MediaLibrary/2020/6/4538390e-e5ad-46e6-a307-071860aa8aa0_image.jpg,https://www.artportalen.se/MediaLibrary/2020/5/3dac3303-d0ba-48f9-83cf-f3b3cc72450c_image.jpg,https://www.artportalen.se/MediaLibrary/2020/5/de078ad1-59e4-4733-b570-7d892f2af740_image.jpg,https://www.artportalen.se/MediaLibrary/2020/5/1dbf39a2-c6df-46b5-8a19-c8384419dda2_image.jpg,https://www.artportalen.se/MediaLibrary/2020/5/928bdb16-5850-4e4c-89fa-13ace6deea62_image.jpg,https://www.artportalen.se/MediaLibrary/2020/5/10953eb8-a902-454b-a8de-3cdce3a1ecd5_image.jpg,https://www.artportalen.se/MediaLibrary/2020/5/75b617f5-c0c3-443d-a158-03d0341a4518_image.jpg,https://www.artportalen.se/MediaLibrary/2020/5/eedb0177-4bfd-4260-a6dc-8f44326a1a44_image.jpg,https://www.artportalen.se/MediaLibrary/2020/5/2afa31f0-d7ec-4881-973f-3c9e4530fde4_image.jpg,https://www.artportalen.se/MediaLibrary/2020/4/111c79c3-56e3-4dc5-b408-ffb099451e52_image.jpg,https://www.artportalen.se/MediaLibrary/2020/4/6b5ec94e-49b5-4959-95a9-c641a60537f2_image.jpg,https://www.artportalen.se/MediaLibrary/2020/4/4a304395-2a4e-4fb2-9fa5-36592d87da55_image.jpg
gråsiding,https://www.artportalen.se/MediaLibrary/2018/7/01b03b35-2b03-4fc7-b808-6a7d8ab87751_image.jpg,https://www.artportalen.se/MediaLibrary/2018/7/d91c926b-29c6-4802-8d3f-cb7640fab990_image.jpg,https://www.artportalen.se/MediaLibrary/2015/7/1d283822-5082-4f42-b703-ffa7a4ab13f9_image.jpg,https://www.artportalen.se/MediaLibrary/2015/7/14a6fdff-2f4b-4eda-a534-de856e976d56_image.jpg,https://www.artportalen.se/MediaLibrary/2014/2/8fb08ad6-c5cc-4247-8572-5f21c9386fd6_image.jpg,https://www.artportalen.se/MediaLibrary/vertebrata/2011/large/319373.jpg,https://www.artportalen.se/MediaLibrary/vertebrata/2011/large/284563.jpg,https://www.artportalen.se/MediaLibrary/vertebrata/2011/large/284562.jpg,https://www.artportalen.se/MediaLibrary/vertebrata/2008/large/101402.jpg
åkersork,https://www.artportalen.se/MediaLibrary/2020/6/45c93e11-21e8-4a0d-a235-e91a98a0dfe8_image.jpg,https://www.artportalen.se/MediaLibrary/2020/5/155a5cdc-621e-4110-9b12-262ea1776397_image.jpg,https://www.artportalen.se/MediaLibrary/2020/4/15e80c6b-b4e3-4b08-977c-8cce2c860ff6_image.jpg,https://www.artportalen.se/MediaLibrary/2020/4/30b10ec6-9fa8-4285-802f-d3e556e70c81_image.jpg,https://www.artportalen.se/MediaLibrary/2019/12/bebfa05b-196d-4c07-a61e-c365fcc27bc5_image.jpg,https://www.artportalen.se/MediaLibrary/2019/12/29a5e4cd-139d-456e-b617-dcd9e2349fb4_image.jpg,https://www.artportalen.se/MediaLibrary/2019/9/ff91884c-916d-4c32-9569-ed06f4833624_image.jpg,https://www.artportalen.se/MediaLibrary/2019/5/628c94ab-13e5-45f3-83b0-67b9b7071f7c_image.jpg,https://www.artportalen.se/MediaLibrary/2019/3/9fa72dce-61c7-4b4f-8fab-af0ef485991e_image.jpg,https://www.artportalen.se/MediaLibrary/2019/3/cc4cf431-7fb8-4dbe-b08b-45d16a2a0c49_image.jpg,https://www.artportalen.se/MediaLibrary/2019/3/f22cbf29-32d3-4d65-8950-9f8ab307a64f_image.jpg,https://www.artportalen.se/MediaLibrary/2019/3/cc59873d-77b8-4c3e-94b3-3d85ba448546_image.jpg
hasselmus,https://www.artportalen.se/MediaLibrary/2020/4/b6fcd439-8036-468a-a0b9-9ecb0bccc283_image.jpg,https://www.artportalen.se/MediaLibrary/2020/3/f0746230-dd36-4c2c-a7e8-0da2f151fbe3_image.jpg,https://www.artportalen.se/MediaLibrary/2020/2/fb03612a-619e-459e-a8fb-9d2650520b0f_image.jpg,https://www.artportalen.se/MediaLibrary/2020/1/6ae11b1d-5ba8-4458-b97b-c19b3d9d95b5_image.jpg,https://www.artportalen.se/MediaLibrary/2019/10/329719e9-224a-49c1-a089-1aa9933d5850_image.jpg,https://www.artportalen.se/MediaLibrary/2019/10/a10b8e04-f81f-4a18-aefd-5a71e22f6986_image.jpg,https://www.artportalen.se/MediaLibrary/2019/10/ea86c001-fc54-4477-b127-9d8033199670_image.jpg,https://www.artportalen.se/MediaLibrary/2019/10/a11b01a8-e213-4965-b3db-6ce06df3971e_image.jpg,https://www.artportalen.se/MediaLibrary/2019/10/4146c45f-a76d-420e-92fc-ee4febe4d072_image.jpg,https://www.artportalen.se/MediaLibrary/2019/10/714f7aa8-58da-4513-b370-0e4186345a5c_image.jpg,https://www.artportalen.se/MediaLibrary/2019/10/6e0c9185-55c3-4a3e-a1bf-115438e50e13_image.jpg,https://www.artportalen.se/MediaLibrary/2019/10/2e8a2c4e-a956-4f83-974f-787ac3c3e450_image.jpg
skogshare,https://www.artportalen.se/MediaLibrary/2020/6/446a0c6b-d72a-47f5-993b-e1ea4e530ff5_image.jpg,https://www.artportalen.se/MediaLibrary/2020/6/0de9507a-ab80-4412-8d0f-47a93ceaa4e8_image.jpg,https://www.artportalen.se/MediaLibrary/2020/5/bee1098c-e649-4c47-b427-ea24d8213892_image.jpg,https://www.artportalen.se/MediaLibrary/2020/5/b0d667bd-6ec3-4236-a940-0c6a8d8ded2f_image.jpg,https://www.artportalen.se/MediaLibrary/2020/5/63330b0e-c5fc-4d46-8ed2-9d2c37ddd22e_image.jpg,https://www.artportalen.se/MediaLibrary/2020/5/f7f3a839-e213-47ff-a36b-d978b221b9ec_image.jpg,https://www.artportalen.se/MediaLibrary/2020/5/b844fdb0-9f2e-48b8-9684-ab9f2519b412_image.jpg,https://www.artportalen.se/MediaLibrary/2020/5/f87ea178-7484-4bb9-aec6-863afa4cd766_image.jpg,https://www.artportalen.se/MediaLibrary/2020/5/a784d655-40bb-458d-8f06-2b8c8c621bb8_image.jpg,https://www.artportalen.se/MediaLibrary/2020/5/42556ca1-3b56-4eb7-b9b8-fb4ef7fcba6a_image.jpg,https://www.artportalen.se/MediaLibrary/2020/5/29c5404e-4acf-4474-a52c-5ec7dd70d7d9_image.jpg,https://www.artportalen.se/MediaLibrary/2020/5/abd42221-5842-4e46-91a2-f4c92b1c327a_image.jpg
fälthare,https://www.artportalen.se/MediaLibrary/2020/6/374601cf-ca8e-4969-8e99-1910f6eb2cb4_image.jpg,https://www.artportalen.se/MediaLibrary/2020/6/fa51b1fc-f64c-4f1b-b26c-ec1702f8feae_image.jpg,https://www.artportalen.se/MediaLibrary/2020/6/4126cae6-d963-47f2-9eed-f1bbab0c0bf3_image.jpg,https://www.artportalen.se/MediaLibrary/2020/6/6c9dcec0-c75e-4ca2-8558-596319e71fd9_image.jpg,https://www.artportalen.se/MediaLibrary/2020/6/b9e3f26d-f02a-4340-8953-8e7f8c2a2ff8_image.jpg,https://www.artportalen.se/MediaLibrary/2020/6/19cb387c-dff5-4e6f-ad78-3ebba8f1e898_image.jpg,https://www.artportalen.se/MediaLibrary/2020/5/6d8558a0-b856-473e-b890-e63f4e2a951a_image.jpg,https://www.artportalen.se/MediaLibrary/2020/5/49fdda76-ecaf-4aa5-92f5-c364f879c418_image.jpg,https://www.artportalen.se/MediaLibrary/2020/5/25c2a107-05a8-4e16-a493-bfcd5b60a440_image.jpg,https://www.artportalen.se/MediaLibrary/2020/5/fb900946-d2a4-48c0-9497-96734ec21378_image.jpg,https://www.artportalen.se/MediaLibrary/2020/5/8097dbad-f3a8-406c-b91d-4aa5c317c37d_image.jpg,https://www.artportalen.se/MediaLibrary/2020/5/f4cf5bea-5733-45c0-814e-097035d56c01_image.jpg
vildkanin,https://www.artportalen.se/MediaLibrary/2020/5/fa83f123-8d9a-4d9a-b2bf-9760dc5018ba_image.jpg,https://www.artportalen.se/MediaLibrary/2020/5/6d35c309-afda-4b2d-870c-f60092e424ee_image.jpg,https://www.artportalen.se/MediaLibrary/2020/5/e2b99fbc-bfff-4d0a-8584-154de7da5829_image.jpg,https://www.artportalen.se/MediaLibrary/2020/5/e3384b4a-403b-4d4f-9a59-24007286acc5_image.jpg,https://www.artportalen.se/MediaLibrary/2020/5/47af5364-4a8e-44f8-b92a-39d8528caf5c_image.jpg,https://www.artportalen.se/MediaLibrary/2020/5/b91d7104-a728-41f6-805b-50f928ab6109_image.jpg,https://www.artportalen.se/MediaLibrary/2020/5/e5a965c9-32ba-4eb0-a9e1-091192b3e728_image.jpg,https://www.artportalen.se/MediaLibrary/2020/5/e6049e6c-28da-45eb-94b8-938581278215_image.jpg,https://www.artportalen.se/MediaLibrary/2020/5/338a43f1-c3d4-491f-b1f6-19df0ae9eeaa_image.jpg,https://www.artportalen.se/MediaLibrary/2020/4/f54e97f3-850b-41af-9349-b9d62199e4fa_image.jpg,https://www.artportalen.se/MediaLibrary/2020/4/5297ac7e-1f88-4c15-aa7c-59ebb6d7c5b0_image.jpg,https://www.artportalen.se/MediaLibrary/2020/4/ef3dc2a5-4c2a-4cac-a5ed-b8d2820a6c5e_image.jpg
brunråtta,https://www.artportalen.se/MediaLibrary/2020/3/e42e35df-7945-4759-9ec5-495bd71f0ada_image.jpg,https://www.artportalen.se/MediaLibrary/2020/3/155310a0-8a1b-42f7-b92d-a8bcd21043ac_image.jpg,https://www.artportalen.se/MediaLibrary/2020/2/9d7e4abf-6bc2-4933-8c96-2e703e5db4a1_image.jpg,https://www.artportalen.se/MediaLibrary/2020/2/7dc99134-5198-46b3-a58a-ecf195a474c8_image.jpg,https://www.artportalen.se/MediaLibrary/2020/1/bf83dbbd-f124-491d-904c-bb0b563b8e29_image.jpg,https://www.artportalen.se/MediaLibrary/2020/1/e9fe42df-49f9-4d8b-be78-0ed40c8684b2_image.jpg,https://www.artportalen.se/MediaLibrary/2019/12/96b6592b-536e-4320-bc75-113b86d69976_image.jpg,https://www.artportalen.se/MediaLibrary/2019/10/7be2ee38-f86f-4150-97f3-48867e464cc5_image.jpg,https://www.artportalen.se/MediaLibrary/2019/10/4fef4ba9-b38a-4238-849a-9e2a068f0820_image.jpg,https://www.artportalen.se/MediaLibrary/2019/10/92a76eaa-e495-4bcc-8691-42043da5ba40_image.jpg,https://www.artportalen.se/MediaLibrary/2019/10/8656549c-aebc-4911-abe0-54dad00f5f36_image.jpg,https://www.artportalen.se/MediaLibrary/2019/10/4ce71e8e-8a9b-47ab-9c51-059d4ff6904f_image.jpg
tamren,https://www.artportalen.se/MediaLibrary/2020/5/b43b6891-2b02-426e-8f50-b00f78ffd256_image.jpg,https://www.artportalen.se/MediaLibrary/2020/4/b1aefbc0-da85-4e09-8701-87c6538193d9_image.jpg,https://www.artportalen.se/MediaLibrary/2020/4/feaefe5e-c0db-4253-8ae2-3d0fe8d2d292_image.jpg,https://www.artportalen.se/MediaLibrary/2020/4/67dd5155-4bbb-4b80-a73c-218af0c06455_image.jpg,https://www.artportalen.se/MediaLibrary/2020/4/8e10829b-7740-4d92-b613-2c2747c2c338_image.jpg,https://www.artportalen.se/MediaLibrary/2020/4/099cd4fd-307a-45ae-b810-5e8ab48ca0ee_image.jpg,https://www.artportalen.se/MediaLibrary/2020/4/1c1cf789-d3ce-428d-bdff-88866db5d0aa_image.jpg,https://www.artportalen.se/MediaLibrary/2020/3/3e7b6921-81fd-4858-8508-de9649c451af_image.jpg,https://www.artportalen.se/MediaLibrary/2019/8/db4ef795-382a-4300-a578-08ca5e3df10f_image.jpg,https://www.artportalen.se/MediaLibrary/2019/8/95c20b5c-337e-4c05-8883-fe94fc2c53ac_image.jpg,https://www.artportalen.se/MediaLibrary/2019/8/db3886cf-1412-408d-8fee-4cbc08f6c8cf_image.jpg,https://www.artportalen.se/MediaLibrary/2019/7/659e5fe1-4e0a-4a4d-8ff1-0135f05bef52_image.jpg
