vinbergssnäcka,https://www.artportalen.se/MediaLibrary/2020/6/17ab5136-8199-4902-88b0-1a2c0421ede1_image.jpg,https://www.artportalen.se/MediaLibrary/2020/6/c0f11618-29d5-4148-96d0-5e190df395a4_image.jpg,https://www.artportalen.se/MediaLibrary/2020/6/364a8f56-05bc-4fb6-9208-d5bad6e0beeb_image.jpg,https://www.artportalen.se/MediaLibrary/2020/6/be478a22-72d2-492b-93a8-f43db43cf9b8_image.jpg,https://www.artportalen.se/MediaLibrary/2020/6/a43cc4cb-5331-408b-84dd-27c0bbaa8357_image.jpg,https://www.artportalen.se/MediaLibrary/2020/6/6f6f83aa-7381-4d63-8b3b-1c8d044e3c5e_image.jpg,https://www.artportalen.se/MediaLibrary/2020/6/ef9fcd65-0d73-4cd9-a05c-c6b0e00fd968_image.jpg,https://www.artportalen.se/MediaLibrary/2020/6/81794524-dee9-4c6c-9884-d315270fd7c8_image.jpg,https://www.artportalen.se/MediaLibrary/2020/6/6b4a13fa-061b-49d6-af56-bac72c23597c_image.jpg,https://www.artportalen.se/MediaLibrary/2020/6/8489fc2e-d55d-44b7-a549-9cfba31e568c_image.jpg,https://www.artportalen.se/MediaLibrary/2020/6/f28de6a7-326d-4be4-b9c4-77330b4fd79b_image.jpg,https://www.artportalen.se/MediaLibrary/2020/5/e5a89666-ade4-40cd-8104-33ef66c6231b_image.jpg
fläckig lundsnäcka,https://www.artportalen.se/MediaLibrary/2020/4/ecdc560f-e153-42d7-9e78-b8c42ae050c8_image.jpg,https://www.artportalen.se/MediaLibrary/2020/3/803c5d3d-f41d-4f93-8280-a21c1b886065_image.jpg,https://www.artportalen.se/MediaLibrary/2019/12/8acaab00-d680-4859-9375-0d5ab468016c_image.jpg,https://www.artportalen.se/MediaLibrary/2019/12/7691abc0-ef38-4035-9e70-452169d31e82_image.jpg,https://www.artportalen.se/MediaLibrary/2019/8/655f580a-761e-474c-b788-7d4e425b0bb5_image.jpg,https://www.artportalen.se/MediaLibrary/2019/6/735764a8-238e-4ca8-8654-883ef65bf9db_image.jpg,https://www.artportalen.se/MediaLibrary/2019/6/e2d16a29-af50-474c-b35d-ebbe11d200a6_image.jpg,https://www.artportalen.se/MediaLibrary/2019/6/121c4abe-239c-4472-9a79-051b4185a00e_image.jpg,https://www.artportalen.se/MediaLibrary/2019/1/9f4af323-1b52-4ca2-bd46-938d02a3eaea_image.jpg,https://www.artportalen.se/MediaLibrary/2019/1/9372557e-caeb-4f98-9f32-2bf577805016_image.jpg,https://www.artportalen.se/MediaLibrary/2019/1/4cbba553-e160-4913-a3ec-06fe0283c5e9_image.jpg,https://www.artportalen.se/MediaLibrary/2019/1/ea6d3124-9af5-4840-855d-4fdc6fd4d0b9_image.jpg
trädgårdssnäcka,https://www.artportalen.se/MediaLibrary/2020/6/830d32ec-283a-42c4-9e49-cbf88100417a_image.jpg,https://www.artportalen.se/MediaLibrary/2020/6/61e3c2bb-9fa7-4402-8bf1-0baa66494fd1_image.jpg,https://www.artportalen.se/MediaLibrary/2020/6/26ef6aab-0df3-454e-8c1b-ef173acc2db4_image.jpg,https://www.artportalen.se/MediaLibrary/2020/6/c2ea2b09-b81d-49fa-ba8e-4e9a8415307f_image.jpg,https://www.artportalen.se/MediaLibrary/2020/6/d4b62414-b62f-4e4d-9775-82cc7de6831a_image.jpg,https://www.artportalen.se/MediaLibrary/2020/6/738d1e45-70fb-4af7-8ee1-11674cec1671_image.jpg,https://www.artportalen.se/MediaLibrary/2020/6/c932f1eb-fdae-44e9-bd49-4e745804b8c5_image.jpg,https://www.artportalen.se/MediaLibrary/2020/6/9fbeb650-bd9a-4a6c-aaab-c625ea37d6b0_image.jpg,https://www.artportalen.se/MediaLibrary/2020/6/6de161dc-6c96-423d-a67a-a65175930db6_image.jpg,https://www.artportalen.se/MediaLibrary/2020/6/262d6790-34ed-4adb-93b7-8a5840bee75f_image.jpg,https://www.artportalen.se/MediaLibrary/2020/5/a983a378-07e5-418c-afcd-18ac8b3c73af_image.jpg,https://www.artportalen.se/MediaLibrary/2020/5/9405b3c4-4807-41a0-a164-e51e9f7877b2_image.jpg
dammsnäcka,https://www.artportalen.se/MediaLibrary/2020/5/19f538ba-7b34-44bf-875f-631a59a8a7d6_image.jpg,https://www.artportalen.se/MediaLibrary/2020/5/b33ec005-33ce-4c94-a0bc-a243add9f936_image.jpg,https://www.artportalen.se/MediaLibrary/2019/10/33dd4e15-eb7b-4b78-9208-88e942afaa8d_image.jpg,https://www.artportalen.se/MediaLibrary/2019/10/dde0f376-895d-4f1d-94c8-588c84fec42d_image.jpg,https://www.artportalen.se/MediaLibrary/2019/10/e94f6c86-cc33-4418-993f-bdb768e9f3b6_image.jpg,https://www.artportalen.se/MediaLibrary/2019/10/67c60802-c030-4491-9029-dc1778e68940_image.jpg,https://www.artportalen.se/MediaLibrary/2019/5/ea39ac9b-dcf0-47c6-b56b-2c85946da533_image.jpg,https://www.artportalen.se/MediaLibrary/2019/3/7087d10c-d151-417d-81f0-93ec59022012_image.jpg,https://www.artportalen.se/MediaLibrary/2019/3/920c7bda-3b3e-4a54-a74e-5b5bf4096e3a_image.jpg,https://www.artportalen.se/MediaLibrary/2019/3/1613707e-c5a3-4397-9658-64c242f3ca28_image.jpg,https://www.artportalen.se/MediaLibrary/2018/5/36711b76-7957-480f-9681-3e8b8715a6cb_image.jpg,https://www.artportalen.se/MediaLibrary/2017/4/43dfbe79-da55-44c4-ae3e-6c3a840f870c_image.jpg
dammussla,https://www.artportalen.se/MediaLibrary/2019/3/ebde7e24-275c-41fd-b523-43eed9bdfaa9_image.jpg,https://www.artportalen.se/MediaLibrary/2019/3/6e977a8b-2cb9-49fa-96e6-9544f4740621_image.jpg
hundigel,https://www.artportalen.se/MediaLibrary/2020/5/77738868-bd4e-43e9-8465-a52a1717975e_image.jpg,https://www.artportalen.se/MediaLibrary/2020/5/97ed0813-632b-4cbc-b600-c89fb69362fc_image.jpg,https://www.artportalen.se/MediaLibrary/2020/5/136aee97-9cad-48ab-a807-a23ed9d39fcb_image.jpg,https://www.artportalen.se/MediaLibrary/2020/5/5ce28b80-52f0-476e-9aad-7ac028184d2d_image.jpg,https://www.artportalen.se/MediaLibrary/2020/5/53f9aaff-8772-446d-bf0f-63c13235c08d_image.jpg,https://www.artportalen.se/MediaLibrary/2018/8/41a8f7be-74e3-4ba8-9656-12ff932897a6_image.jpg,https://www.artportalen.se/MediaLibrary/2018/8/b060ace5-bf9e-45df-9a51-e6d1d5017bdf_image.jpg,https://www.artportalen.se/MediaLibrary/2016/3/459a7f22-143c-40eb-a0ab-d2b97a6f70ee_image.jpg,https://www.artportalen.se/MediaLibrary/bugs/2013/large/517995.jpg,https://www.artportalen.se/MediaLibrary/bugs/2013/large/485870.jpg,https://www.artportalen.se/MediaLibrary/bugs/2011/large/338459.jpg,https://www.artportalen.se/MediaLibrary/bugs/2011/large/338457.jpg
andigel,https://www.artportalen.se/MediaLibrary/2020/5/07171761-1be4-4a00-8c86-4ec39272e5ac_image.jpg,https://www.artportalen.se/MediaLibrary/2020/5/20310aff-cdc9-4d39-9923-9782f4a0a5ca_image.jpg,https://www.artportalen.se/MediaLibrary/2020/5/08324a9c-86f6-4a2b-8ac9-650cb65fc81b_image.jpg,https://www.artportalen.se/MediaLibrary/2020/4/223c8fe1-a12c-47ef-b9ac-3705a80062be_image.jpg,https://www.artportalen.se/MediaLibrary/2020/4/ae76f9ee-c695-4139-a3f7-84bbfd87265e_image.jpg,https://www.artportalen.se/MediaLibrary/2020/4/bd327437-4367-4022-a813-baa136d2d726_image.jpg,https://www.artportalen.se/MediaLibrary/2018/7/8f560952-ac01-4c85-a44c-f09152562b9f_image.jpg,https://www.artportalen.se/MediaLibrary/2018/7/4e70d368-248e-4efd-b3ca-6fdb01525762_image.jpg,https://www.artportalen.se/MediaLibrary/2018/7/04c24d28-6c03-4f53-b3ea-6080be6726c4_image.jpg,https://www.artportalen.se/MediaLibrary/2016/7/d2b2912d-a6fa-4f01-a099-3cef054059a2_image.jpg,https://www.artportalen.se/MediaLibrary/2015/10/3f32c45f-8d9c-4226-b102-39e16fd5ad7e_image.jpg,https://www.artportalen.se/MediaLibrary/2015/10/77af510a-38dd-4b25-8f16-ebe9182a559d_image.jpg
daggmask,https://www.artportalen.se/MediaLibrary/2015/6/02f77668-34e0-47bf-ba6d-c27ee8eac2a4_image.jpg
korsspindel,https://www.artportalen.se/MediaLibrary/2020/6/342ceba9-7f2f-4ea9-ac5f-54b3c1782e80_image.jpg,https://www.artportalen.se/MediaLibrary/2020/6/28363d82-ebf7-40fe-90f4-59f2640b02c0_image.jpg,https://www.artportalen.se/MediaLibrary/2020/5/4c5b2ed0-130f-4166-a202-517ff65a4bef_image.jpg,https://www.artportalen.se/MediaLibrary/2020/5/3f3ccd5a-a12b-4b10-80db-77d68a8169da_image.jpg,https://www.artportalen.se/MediaLibrary/2020/5/00b7dd70-fbfb-4694-81f5-ce1dbef6ae79_image.jpg,https://www.artportalen.se/MediaLibrary/2020/5/87cc6994-61f9-4e46-b1b3-b33dd7f96c1a_image.jpg,https://www.artportalen.se/MediaLibrary/2020/5/2d852fa3-fb50-4d65-a0d1-60b030522ecb_image.jpg,https://www.artportalen.se/MediaLibrary/2020/5/d9def447-75a7-488f-b428-737cab8d6d27_image.jpg,https://www.artportalen.se/MediaLibrary/2020/4/a076b65c-f358-45bc-b7dd-1dee67adad61_image.jpg,https://www.artportalen.se/MediaLibrary/2020/4/4e242d92-fbc1-4c70-93d3-fe4706b234eb_image.jpg,https://www.artportalen.se/MediaLibrary/2020/4/82c45bab-87f5-44c3-badd-17bbbf720244_image.jpg,https://www.artportalen.se/MediaLibrary/2020/3/2ac60601-f2c0-4d5d-b074-0110f32655f1_image.jpg
vargspindel,https://www.artportalen.se/MediaLibrary/2020/6/920b7e51-08c3-4d9f-a6ab-1e124a96997a_image.jpg,https://www.artportalen.se/MediaLibrary/2020/6/605399cf-ffca-4727-9e9a-34e28c75c5b2_image.jpg,https://www.artportalen.se/MediaLibrary/2019/10/16a49e5f-3a13-46cd-a15f-9ead37b26e9b_image.jpg,https://www.artportalen.se/MediaLibrary/2019/10/48a36db9-60d9-4d29-9558-027c373cdc75_image.jpg,https://www.artportalen.se/MediaLibrary/2019/8/e5a28041-1b66-49c6-8006-e368638a7c1a_image.jpg,https://www.artportalen.se/MediaLibrary/2019/6/f04c11aa-5c69-4c51-8d0d-7cb507e75296_image.jpg,https://www.artportalen.se/MediaLibrary/2019/6/a860c961-55f1-46ae-b57a-323a6c99030f_image.jpg,https://www.artportalen.se/MediaLibrary/2019/5/f48a6401-d25e-4985-927a-5094f68be038_image.jpg,https://www.artportalen.se/MediaLibrary/2019/5/4b166bd0-8457-4363-804e-2f41e66169a7_image.jpg,https://www.artportalen.se/MediaLibrary/2018/11/6e52d9e8-eaa8-4d77-9cab-a56cca0f8356_image.jpg,https://www.artportalen.se/MediaLibrary/2018/6/8b07e3fe-9f7d-41fb-8489-3ec8411db928_image.jpg,https://www.artportalen.se/MediaLibrary/2018/6/ae35c40c-3772-4461-a1cf-ed4147a776c6_image.jpg
husspindel,https://www.artportalen.se/MediaLibrary/2020/6/76d1a9a9-c411-44cf-9e3f-8c449900baae_image.jpg,https://www.artportalen.se/MediaLibrary/2020/5/ea02cc98-3f3a-4d6e-ba33-58eec3334481_image.jpg,https://www.artportalen.se/MediaLibrary/2020/5/e7acec53-df1e-4037-a0fe-568946b6da41_image.jpg,https://www.artportalen.se/MediaLibrary/2020/5/a57a9c31-8a5f-4b6d-8ec0-db2f349465ab_image.jpg,https://www.artportalen.se/MediaLibrary/2020/5/73c53d98-c5db-4aaa-887c-44150387e7fe_image.jpg,https://www.artportalen.se/MediaLibrary/2020/5/d2ca5588-d970-4a8a-8fd9-5e2df721e0f7_image.jpg,https://www.artportalen.se/MediaLibrary/2020/5/2178ac74-f08b-4883-b650-a46a36019973_image.jpg,https://www.artportalen.se/MediaLibrary/2020/5/69ee2e3f-290c-4b11-acfa-b12247625498_image.jpg,https://www.artportalen.se/MediaLibrary/2020/5/e0288772-76e5-4b3c-9eaa-fa86f2dd25b5_image.jpg,https://www.artportalen.se/MediaLibrary/2020/5/f054f5c2-59d2-4ece-9fc0-66149348f6b8_image.jpg,https://www.artportalen.se/MediaLibrary/2020/4/03a84ab3-a70b-48d4-b997-9210d132b1fb_image.jpg,https://www.artportalen.se/MediaLibrary/2020/4/a06005d7-b2af-4909-a1c1-1ae98312731e_image.jpg
fästing,https://www.artportalen.se/MediaLibrary/2020/6/bff69afd-d002-403f-ba35-367095bfecf1_image.jpg,https://www.artportalen.se/MediaLibrary/2020/5/80ba483d-a815-4e22-8b35-b021ff6ae258_image.jpg,https://www.artportalen.se/MediaLibrary/2020/5/ae1327c4-15b8-4fa9-972e-1493c7643630_image.jpg,https://www.artportalen.se/MediaLibrary/2020/5/ca2d342a-5170-427c-a7f3-0f84bde27ffd_image.jpg,https://www.artportalen.se/MediaLibrary/2020/5/846aac59-aa4b-46e0-a8b4-874028a9c3a2_image.jpg,https://www.artportalen.se/MediaLibrary/2020/4/50de1e74-83c8-49f6-8db5-2ae52013ff3a_image.jpg,https://www.artportalen.se/MediaLibrary/2020/4/ebec033c-d3cb-425d-ada4-08ae9ac20daf_image.jpg,https://www.artportalen.se/MediaLibrary/2020/4/eb3e7a8d-d339-40c1-b395-747c1fbc6d12_image.jpg,https://www.artportalen.se/MediaLibrary/2020/3/c52d8288-298c-495e-bda5-95db20dba202_image.jpg,https://www.artportalen.se/MediaLibrary/2020/3/eff8d03e-5d8c-4502-927e-fbadfcf55c41_image.jpg,https://www.artportalen.se/MediaLibrary/2020/3/3bf5f155-7bfa-4d74-ac7e-b651e90fd5ea_image.jpg,https://www.artportalen.se/MediaLibrary/2020/3/f3263364-e8fa-48a6-927d-0bee0b4886d0_image.jpg
flodkräfta,https://www.artportalen.se/MediaLibrary/2019/11/e63bee18-f85b-4b08-b2a0-02175d3d8e2d_image.jpg,https://www.artportalen.se/MediaLibrary/2019/11/6d5e7f5a-fefc-485d-bbcd-12134d08671e_image.jpg,https://www.artportalen.se/MediaLibrary/2019/11/69be7680-b7bb-4323-94b4-adb434c08ed2_image.jpg,https://www.artportalen.se/MediaLibrary/2019/10/1ec6aa41-cd77-492a-b100-69ad69ca0745_image.jpg,https://www.artportalen.se/MediaLibrary/2019/10/b78dbee4-5ea0-40df-a3dd-e8f55308ab64_image.jpg,https://www.artportalen.se/MediaLibrary/2019/10/5c52309e-74f5-4432-9b5c-a0dead5c8216_image.jpg,https://www.artportalen.se/MediaLibrary/2019/8/aa5e2f7d-5d26-45c3-bd42-f4186f9f683b_image.jpg,https://www.artportalen.se/MediaLibrary/2019/8/c6128d4c-3b3c-4f99-871d-2d5e17d651a1_image.jpg,https://www.artportalen.se/MediaLibrary/2019/7/027bb826-9170-4480-9703-e0ca4f14a852_image.jpg,https://www.artportalen.se/MediaLibrary/2019/4/fdc1547a-2178-430d-97cc-07e730692cef_image.jpg,https://www.artportalen.se/MediaLibrary/2018/10/4f0f1c82-8063-4f82-bc08-6140d4425464_image.jpg,https://www.artportalen.se/MediaLibrary/2018/10/ab9301a4-84d6-4948-ae59-7b83534860a0_image.jpg
signalkräfta,https://www.artportalen.se/MediaLibrary/2020/5/db970097-baac-4e5b-9d8e-e827ecfa0b22_image.jpg,https://www.artportalen.se/MediaLibrary/2020/5/ea8a6df8-7d75-4f91-89f2-bc0ac07d5932_image.jpg,https://www.artportalen.se/MediaLibrary/2020/5/14f07118-f380-49cf-92b7-de4195db66dd_image.jpg,https://www.artportalen.se/MediaLibrary/2020/4/d90f18ff-e33c-4363-b02e-f007f947f38b_image.jpg,https://www.artportalen.se/MediaLibrary/2019/11/ce05a740-8a41-41bd-b308-8b0214b33cdc_image.jpg,https://www.artportalen.se/MediaLibrary/2019/11/454b8242-0192-4e22-bc27-5c63ab5e0ce6_image.jpg,https://www.artportalen.se/MediaLibrary/2019/10/59a45f11-6ed5-4863-9fe1-f860a0ff7b54_image.jpg,https://www.artportalen.se/MediaLibrary/2019/9/04e09502-996a-4ed8-8efd-9d6e53e88302_image.jpg,https://www.artportalen.se/MediaLibrary/2019/9/ef2e4cc6-d624-4cb8-a3dd-b00175d840fd_image.jpg,https://www.artportalen.se/MediaLibrary/2019/9/ee652c6a-b5a7-4922-a97a-b422598e33f7_image.jpg,https://www.artportalen.se/MediaLibrary/2019/9/700fb86e-23b1-4ee6-8660-e1af529666f2_image.jpg,https://www.artportalen.se/MediaLibrary/2019/8/9a7b93c2-f3e6-4285-9d9e-8ceece16d2ab_image.jpg
virvelmask,https://www.artportalen.se/MediaLibrary/2020/4/c135117c-8406-4f57-a492-a241c59ff531_image.jpg,https://www.artportalen.se/MediaLibrary/2020/4/f72f35dd-63e6-4c6f-8903-4e36b559585a_image.jpg,https://www.artportalen.se/MediaLibrary/2018/9/097eb219-7a32-4c5a-845a-0cf9a510d980_image.jpg,https://www.artportalen.se/MediaLibrary/2018/9/97b51050-db80-410f-bfff-c6cff9a5aca2_image.jpg,https://www.artportalen.se/MediaLibrary/2018/3/175fa26b-db9c-482b-b248-ebee06af969c_image.jpg,https://www.artportalen.se/MediaLibrary/2016/6/8a1629e4-97dd-491e-973e-96f9e8e60f2c_image.jpg,https://www.artportalen.se/MediaLibrary/2015/9/d5530fac-ec94-43b2-acfe-6f8392d0169f_image.jpg,https://www.artportalen.se/MediaLibrary/2015/9/5385f240-45a7-4b95-8094-bd206010069d_image.jpg,https://www.artportalen.se/MediaLibrary/bugs/2011/large/282232.jpg,https://www.artportalen.se/MediaLibrary/bugs/2009/large/181948.jpg
bärfis,https://www.artportalen.se/MediaLibrary/2020/6/0abadd8f-3c72-462a-acbc-13ab4e82d18e_image.jpg,https://www.artportalen.se/MediaLibrary/2020/6/2fd3f28e-1a1c-4a46-a39a-f877c1155487_image.jpg,https://www.artportalen.se/MediaLibrary/2020/5/d8c0cdf9-68a4-4f8a-b61b-e05e53790ca4_image.jpg,https://www.artportalen.se/MediaLibrary/2020/5/40215b68-9d08-4f64-ad78-ae9274895943_image.jpg,https://www.artportalen.se/MediaLibrary/2020/5/5c6de2bc-3a49-46d2-ac70-ba197a3cd8bd_image.jpg,https://www.artportalen.se/MediaLibrary/2020/5/ff49881e-93f9-4d2c-a1bd-73749c7dd475_image.jpg,https://www.artportalen.se/MediaLibrary/2020/5/e1c1cee6-f887-49f0-9848-bca6f041fd95_image.jpg,https://www.artportalen.se/MediaLibrary/2020/5/5d38d3fd-093c-43a2-95ad-b2e5329170b8_image.jpg,https://www.artportalen.se/MediaLibrary/2020/5/8e8ffa85-0f66-46bc-9c5e-b474c09839f2_image.jpg,https://www.artportalen.se/MediaLibrary/2020/5/ff9a9d97-56b2-4048-b1bc-2bead10a0a09_image.jpg,https://www.artportalen.se/MediaLibrary/2020/5/38435f76-c9f2-4485-8b58-7f2a80d090af_image.jpg,https://www.artportalen.se/MediaLibrary/2020/5/21939007-29e9-45b9-a696-64491844dfd2_image.jpg
klodyvel,https://www.artportalen.se/MediaLibrary/2020/6/04e11c25-6ab0-4357-bf0e-bd686e609c54_image.jpg,https://www.artportalen.se/MediaLibrary/2020/5/59164cba-e189-473c-819d-1fed24af3f95_image.jpg,https://www.artportalen.se/MediaLibrary/2020/5/6806d3c4-c681-488f-a620-fbeab4626906_image.jpg,https://www.artportalen.se/MediaLibrary/2020/5/713745c6-8cf5-4e3a-8fe2-dfeca07959c9_image.jpg,https://www.artportalen.se/MediaLibrary/2019/12/c97efeab-538c-425f-8603-b30f0c6009cb_image.jpg,https://www.artportalen.se/MediaLibrary/2019/9/c6c41759-dce7-4331-921b-4e4edc4e0baa_image.jpg,https://www.artportalen.se/MediaLibrary/2019/8/318c9699-7118-4a94-aaa1-512a11b30905_image.jpg,https://www.artportalen.se/MediaLibrary/2019/8/82a77864-31c7-4d41-b5e4-44f642737846_image.jpg,https://www.artportalen.se/MediaLibrary/2019/7/557522b3-c853-4307-8c45-f177c6a4c9bb_image.jpg,https://www.artportalen.se/MediaLibrary/2019/7/a8319f5a-293d-435b-8b61-8f9161bbd9a3_image.jpg,https://www.artportalen.se/MediaLibrary/2019/6/d742f131-02b8-4c47-bef9-68682dfa4293_image.jpg,https://www.artportalen.se/MediaLibrary/2019/6/cfd3e660-253f-4397-945a-bb1a77c5b715_image.jpg
ekoxe,https://www.artportalen.se/MediaLibrary/2020/6/2bc9a13c-b6db-4d1a-95a6-0686a513be64_image.jpg,https://www.artportalen.se/MediaLibrary/2020/6/e20e7f9b-4e25-4093-848b-1ab4cc5b947d_image.jpg,https://www.artportalen.se/MediaLibrary/2020/6/b64aa1e8-fa6e-474f-8316-9a68f047efcb_image.jpg,https://www.artportalen.se/MediaLibrary/2020/6/65e7fabc-81ed-40fd-b279-ccc90e8ee1df_image.jpg,https://www.artportalen.se/MediaLibrary/2020/6/9ced335a-859c-4a7a-b680-7b74109251a4_image.jpg,https://www.artportalen.se/MediaLibrary/2020/6/25f8faad-d04f-44f4-80aa-a2b913b87acc_image.jpg,https://www.artportalen.se/MediaLibrary/2020/6/7dda3c65-556f-4aec-9937-b42e172bab8b_image.jpg,https://www.artportalen.se/MediaLibrary/2020/6/b80073eb-7009-4fc6-bb54-ad27d578cc2e_image.jpg,https://www.artportalen.se/MediaLibrary/2020/6/4e565bf0-9e6b-4125-827c-e134ab497995_image.jpg,https://www.artportalen.se/MediaLibrary/2020/6/4451b4e4-7bdf-4418-adc2-1384b13de80d_image.jpg,https://www.artportalen.se/MediaLibrary/2020/6/48c00f43-4f31-44c3-8c7d-ea6ddb5d2d6b_image.jpg,https://www.artportalen.se/MediaLibrary/2020/6/ae13b920-3ee0-4553-8414-ffed49f1bb66_image.jpg
timmerman,https://www.artportalen.se/MediaLibrary/2020/6/9305bd1b-8cdb-486f-81d7-f60c67e1038a_image.jpg,https://www.artportalen.se/MediaLibrary/2020/5/574ac9f2-2709-47ba-86c4-3d0a51844113_image.jpg,https://www.artportalen.se/MediaLibrary/2020/4/26a23728-6e00-45e2-b72c-f278b8d3aa16_image.jpg,https://www.artportalen.se/MediaLibrary/2020/4/299eec64-9339-4b4b-b34f-ec665477bbca_image.jpg,https://www.artportalen.se/MediaLibrary/2020/4/2ce1b724-d314-424e-b04b-0858db25a36a_image.jpg,https://www.artportalen.se/MediaLibrary/2020/4/67e1ec89-c2c2-4aac-a3b0-2b39e7d7977a_image.jpg,https://www.artportalen.se/MediaLibrary/2019/7/f5d07ce4-6007-4216-97a7-dc74fad2964f_image.jpg,https://www.artportalen.se/MediaLibrary/2019/7/b5139408-bc87-4e90-bd7d-f5f74bf94f8a_image.jpg,https://www.artportalen.se/MediaLibrary/2019/7/66eb0cc4-84fa-46d0-b9a6-88f82d5aeaeb_image.jpg,https://www.artportalen.se/MediaLibrary/2019/7/281626c8-9abb-448e-ac5c-9a0c50b70e62_image.jpg,https://www.artportalen.se/MediaLibrary/2019/7/ab060ebf-7f02-40ea-a559-65c5f2fe2a3c_image.jpg,https://www.artportalen.se/MediaLibrary/2019/7/052ab550-f5b0-46f9-ab04-7de156f6a0e6_image.jpg
nyckelpiga,https://www.artportalen.se/MediaLibrary/2020/5/658d4469-7390-410e-a3fc-ed164932c945_image.jpg,https://www.artportalen.se/MediaLibrary/2020/5/7d7dc68a-e110-47ef-8ef1-4a05f70e2871_image.jpg,https://www.artportalen.se/MediaLibrary/2020/5/cc3ec945-b5c6-425d-9c7a-d655ddf4035d_image.jpg,https://www.artportalen.se/MediaLibrary/2020/3/7ccd4dc0-fb39-4b95-b8e6-77aaf8be8a97_image.jpg,https://www.artportalen.se/MediaLibrary/2020/1/bf46458e-9790-4b2b-a99d-36505e865dbb_image.jpg,https://www.artportalen.se/MediaLibrary/2020/1/54ff0a4d-baf0-4e0c-b2a5-9b7ba5c739b7_image.jpg,https://www.artportalen.se/MediaLibrary/2020/1/33fc2004-4c45-45a7-82a3-008227ef2c39_image.jpg,https://www.artportalen.se/MediaLibrary/2019/12/c0458293-c214-48ff-b580-d117cc038aee_image.jpg,https://www.artportalen.se/MediaLibrary/2019/12/808b2c60-1dcd-4b55-a152-fe1addda6f9e_image.jpg,https://www.artportalen.se/MediaLibrary/2019/10/2f969061-9f7e-4193-b944-ddec6263a03e_image.jpg,https://www.artportalen.se/MediaLibrary/2019/10/ee2f4b23-aed9-4cf3-9814-e513689d890a_image.jpg,https://www.artportalen.se/MediaLibrary/2019/10/56b85129-5735-4405-a769-ea10c19e546a_image.jpg
tvestjärt,https://www.artportalen.se/MediaLibrary/2020/6/8e3954ee-7884-4564-a902-216747f6c2f8_image.jpg,https://www.artportalen.se/MediaLibrary/2020/6/d3f3dbba-e67a-4452-abf2-55bbb8490e60_image.jpg,https://www.artportalen.se/MediaLibrary/2020/4/debc3490-cd39-433f-8e21-207190480b8f_image.jpg,https://www.artportalen.se/MediaLibrary/2020/4/8bb2c388-13fd-43f7-bdae-32675305839c_image.jpg,https://www.artportalen.se/MediaLibrary/2020/4/77cae61c-dd7d-478c-8b61-b001a6cbc716_image.jpg,https://www.artportalen.se/MediaLibrary/2020/4/aeb858db-893f-4961-a064-809e784fef53_image.jpg,https://www.artportalen.se/MediaLibrary/2020/4/7aef400b-1679-4c5a-8dbe-ff509641ae2c_image.jpg,https://www.artportalen.se/MediaLibrary/2020/4/8106ad95-cbaf-48fe-b530-f77b27b84ede_image.jpg,https://www.artportalen.se/MediaLibrary/2020/2/1dc2c571-2e4e-482a-8f2e-32c29bf7358b_image.jpg,https://www.artportalen.se/MediaLibrary/2020/1/38cdcd3a-aea4-41f6-8fed-b272d0929c62_image.jpg,https://www.artportalen.se/MediaLibrary/2020/1/3898bb54-bf17-47fe-a2a4-3d9e24195b30_image.jpg,https://www.artportalen.se/MediaLibrary/2020/1/c81ec045-da38-4e6c-8a5d-1b7588489e95_image.jpg
spottstrit,https://www.artportalen.se/MediaLibrary/2020/1/1244191b-3ebc-45a8-8e71-7e4074bc8267_image.jpg,https://www.artportalen.se/MediaLibrary/2020/1/d3088dc4-0b2e-472b-a8cb-73ba3f0b4784_image.jpg,https://www.artportalen.se/MediaLibrary/2019/12/60a5906f-895f-4fd5-ac56-9474c36c3c94_image.jpg,https://www.artportalen.se/MediaLibrary/2019/12/618c6cbf-ee26-4427-bac6-49224cbae03b_image.jpg,https://www.artportalen.se/MediaLibrary/2019/9/bf69864e-0f9f-4914-9fac-8f51378f16d0_image.jpg,https://www.artportalen.se/MediaLibrary/2019/9/39e89753-9665-4297-9adb-6a78452c8111_image.jpg,https://www.artportalen.se/MediaLibrary/2019/8/2fbf9b36-deee-462b-9669-d2c320775418_image.jpg,https://www.artportalen.se/MediaLibrary/2019/8/741b6fc5-66d9-4f63-ae7c-20ba3c0fac21_image.jpg,https://www.artportalen.se/MediaLibrary/2019/8/3591d567-cdb4-4d87-8bc7-38741d93fe5a_image.jpg,https://www.artportalen.se/MediaLibrary/2019/8/2b11e879-e654-44f3-9812-ed18c29fe922_image.jpg,https://www.artportalen.se/MediaLibrary/2019/8/7316c8df-a929-4c7d-95a4-be060e0e3519_image.jpg,https://www.artportalen.se/MediaLibrary/2019/8/a27028bd-08c8-4b5f-898e-8bc5d3777888_image.jpg
egentlig trollslända,https://www.artportalen.se/MediaLibrary/2020/6/916cece1-d2da-44a7-be85-088026c10565_image.jpg,https://www.artportalen.se/MediaLibrary/2020/6/f00d67b5-f8fb-4475-bb66-c617d74512a1_image.jpg,https://www.artportalen.se/MediaLibrary/2020/6/8fc29cf6-65e5-4758-88a9-da64b9630bde_image.jpg,https://www.artportalen.se/MediaLibrary/2020/6/e6c168b9-e76f-4330-933b-b8991b300513_image.jpg,https://www.artportalen.se/MediaLibrary/2020/6/419a724d-c02f-4534-82f8-28101765499a_image.jpg,https://www.artportalen.se/MediaLibrary/2020/6/88f06af9-a6ec-46a2-8525-25eb318b84a6_image.jpg,https://www.artportalen.se/MediaLibrary/2020/6/8a49d5c1-f23f-4b52-b339-3d08cc780c90_image.jpg,https://www.artportalen.se/MediaLibrary/2020/6/4cc1faa7-8f6a-438b-af39-f8fea2499ec6_image.jpg,https://www.artportalen.se/MediaLibrary/2020/6/5385b81d-a3c0-4bf2-bc11-c8241f3dab2a_image.jpg,https://www.artportalen.se/MediaLibrary/2020/6/d78baf7c-aa0a-4eb7-9774-3948f8d604b3_image.jpg,https://www.artportalen.se/MediaLibrary/2020/5/c49d2c16-b161-454f-a7e3-c29c734397bf_image.jpg,https://www.artportalen.se/MediaLibrary/2020/5/74846a8f-3062-4c78-aac5-8b9369278336_image.jpg
växtstekel,https://www.artportalen.se/MediaLibrary/2019/6/fce2dc7e-aa1b-4c8f-a74d-38526da7c705_image.jpg,https://www.artportalen.se/MediaLibrary/2018/2/e89de107-68a9-4f2d-b230-796bdece2c72_image.jpg,https://www.artportalen.se/MediaLibrary/2017/6/50663421-8870-4a41-bc1b-60e890eca980_image.jpg,https://www.artportalen.se/MediaLibrary/2016/12/94ef5bb6-e076-49ee-a08c-f29a13317188_image.jpg
geting,https://www.artportalen.se/MediaLibrary/2020/6/279c196d-daa3-410e-9bc8-8658ac347e52_image.jpg,https://www.artportalen.se/MediaLibrary/2020/5/7f712158-fb25-443e-a263-7dd9cceae53a_image.jpg,https://www.artportalen.se/MediaLibrary/2020/5/e7e476ea-f1a5-413b-835f-6dd8c1d758b4_image.jpg,https://www.artportalen.se/MediaLibrary/2020/5/1cc3e443-523b-48a4-bc95-48bd556ed2ed_image.jpg,https://www.artportalen.se/MediaLibrary/2020/5/16af967f-d7a6-4eb7-be4d-abcc5117ef73_image.jpg,https://www.artportalen.se/MediaLibrary/2020/5/faabebd8-2543-4881-a8f6-077ca2f1ee46_image.jpg,https://www.artportalen.se/MediaLibrary/2020/5/e81ede34-c799-4fab-b033-c41c8f40f945_image.jpg,https://www.artportalen.se/MediaLibrary/2020/5/0a144083-d4a5-467a-ab8b-06487645f4cc_image.jpg,https://www.artportalen.se/MediaLibrary/2020/5/422cc2e7-2734-48ce-a25c-a4cc0193872f_image.jpg,https://www.artportalen.se/MediaLibrary/2020/5/b0561ce3-3207-4be1-ad5a-366c3af4bb98_image.jpg,https://www.artportalen.se/MediaLibrary/2020/5/56d305de-80f6-4718-95b2-ead153faaf73_image.jpg,https://www.artportalen.se/MediaLibrary/2020/5/21c38032-6ba9-4de5-aec2-740dd5f2c182_image.jpg
rapsfjäril,https://www.artportalen.se/MediaLibrary/2020/6/d36fd614-2626-452a-b09d-644fd0ff809d_image.jpg,https://www.artportalen.se/MediaLibrary/2020/6/b5619638-cbbe-4d42-9771-48c7f491185b_image.jpg,https://www.artportalen.se/MediaLibrary/2020/6/8f57da2b-5598-45d4-856c-957a37532106_image.jpg,https://www.artportalen.se/MediaLibrary/2020/6/617044c8-bd02-4008-960a-6ca0f2237fdd_image.jpg,https://www.artportalen.se/MediaLibrary/2020/6/de73d1db-d66c-415a-a58e-42f2754dc680_image.jpg,https://www.artportalen.se/MediaLibrary/2020/6/78122bfa-f2a4-421c-94b4-67c675157a13_image.jpg,https://www.artportalen.se/MediaLibrary/2020/6/49ba0226-7716-4427-b312-c98a38bc8796_image.jpg,https://www.artportalen.se/MediaLibrary/2020/6/b1cdfabe-ebe5-4e69-a485-9b936e5247a0_image.jpg,https://www.artportalen.se/MediaLibrary/2020/6/dbfa41b8-44d3-4770-a781-09b6a782af23_image.jpg,https://www.artportalen.se/MediaLibrary/2020/6/517d0e5f-54b7-43b3-9ec5-8ad577445391_image.jpg,https://www.artportalen.se/MediaLibrary/2020/6/2fa6b50d-4be2-4cca-8604-257008dc640e_image.jpg,https://www.artportalen.se/MediaLibrary/2020/6/8708bc93-6a1c-4abd-a798-beef40375539_image.jpg
nässelfjäril,https://www.artportalen.se/MediaLibrary/2020/6/60c13e67-d5a7-459d-ac35-43baa0dc4df1_image.jpg,https://www.artportalen.se/MediaLibrary/2020/6/c4015de5-cfb8-46e8-b2c8-44e136cadc1d_image.jpg,https://www.artportalen.se/MediaLibrary/2020/6/f07052dd-4e4a-45bb-90cc-3290ece10714_image.jpg,https://www.artportalen.se/MediaLibrary/2020/6/e6eee681-1cc8-4632-a1b6-d03e376b485c_image.jpg,https://www.artportalen.se/MediaLibrary/2020/6/48fd66f5-8b05-42a3-bfb6-483b2c601843_image.jpg,https://www.artportalen.se/MediaLibrary/2020/6/24734a52-636b-4071-bbe9-8dd8cfedf8da_image.jpg,https://www.artportalen.se/MediaLibrary/2020/6/96ccf6b8-b45b-4825-89f9-84eaa7d0376e_image.jpg,https://www.artportalen.se/MediaLibrary/2020/6/2467ff5c-155f-4684-b483-e411475549cf_image.jpg,https://www.artportalen.se/MediaLibrary/2020/6/6b3a728c-969e-4c78-bbf0-76c10f74e7ca_image.jpg,https://www.artportalen.se/MediaLibrary/2020/6/67be7597-a11e-4815-89f1-ec1b68655961_image.jpg,https://www.artportalen.se/MediaLibrary/2020/6/c3bd3ce2-8691-4ffa-9113-59652d3fd2ad_image.jpg,https://www.artportalen.se/MediaLibrary/2020/6/db7430c4-f294-411e-bec3-0f466fce4cad_image.jpg
påfågelöga,https://www.artportalen.se/MediaLibrary/2020/6/c1d338ba-c70a-4827-ae22-95cc276ee4e6_image.jpg,https://www.artportalen.se/MediaLibrary/2020/6/d75c903d-f173-493e-803c-4c26f3241f6a_image.jpg,https://www.artportalen.se/MediaLibrary/2020/6/67c26c24-0262-4d2d-8a34-321d3192b667_image.jpg,https://www.artportalen.se/MediaLibrary/2020/6/be850bb8-a048-43ab-a6e9-4578d35c5efe_image.jpg,https://www.artportalen.se/MediaLibrary/2020/5/497a90d1-e1d1-4c54-be61-45e17b32d5c5_image.jpg,https://www.artportalen.se/MediaLibrary/2020/5/29d888a3-ec64-4491-9cba-d799a2211e8b_image.jpg,https://www.artportalen.se/MediaLibrary/2020/5/425f2144-90e5-47cd-8f57-cfdc09bb2bd5_image.jpg,https://www.artportalen.se/MediaLibrary/2020/5/d0a6d11e-b121-416a-abc6-7e74c1a87fa1_image.jpg,https://www.artportalen.se/MediaLibrary/2020/5/39204839-6fad-459e-8493-fedfb7725882_image.jpg,https://www.artportalen.se/MediaLibrary/2020/5/1883bc7b-28db-4adc-a18b-5678bbb19e09_image.jpg,https://www.artportalen.se/MediaLibrary/2020/5/44c39a53-39c5-4e73-97cb-137c48e1b95e_image.jpg,https://www.artportalen.se/MediaLibrary/2020/5/d13c149b-bd6a-4c48-9c22-e24c3f035842_image.jpg
blomfluga,https://www.artportalen.se/MediaLibrary/2020/6/fd634901-ecb4-4c5f-9651-b2d3397ac109_image.jpg,https://www.artportalen.se/MediaLibrary/2020/5/57138caa-b747-489d-9503-e356e6bd7ab9_image.jpg,https://www.artportalen.se/MediaLibrary/2020/5/9f6a751d-d9a5-4611-8442-99a9d9163e45_image.jpg,https://www.artportalen.se/MediaLibrary/2020/4/e97da290-0383-463b-b716-6f0168de4a3d_image.jpg,https://www.artportalen.se/MediaLibrary/2019/12/3105e2a2-3515-4fe0-bfc0-55faa9f38504_image.jpg,https://www.artportalen.se/MediaLibrary/2019/12/67389200-bca5-46f5-be1e-bb13c55d9228_image.jpg,https://www.artportalen.se/MediaLibrary/2019/12/57d6bcf5-da1e-4fb3-8b22-ecd801678847_image.jpg,https://www.artportalen.se/MediaLibrary/2019/12/dc2f1be3-dab6-4e14-9d06-b63242e0ef0a_image.jpg,https://www.artportalen.se/MediaLibrary/2019/12/9cebd3a5-e35b-465e-94c9-d8d3b19822d3_image.jpg,https://www.artportalen.se/MediaLibrary/2019/11/e75f29d5-04a4-46d8-8a63-2ae91b181036_image.jpg,https://www.artportalen.se/MediaLibrary/2019/11/7d9c8474-2705-4850-9306-f4a2c678ec24_image.jpg,https://www.artportalen.se/MediaLibrary/2019/9/8444f06a-cd1e-479d-b327-ce5800a3ba78_image.jpg
spyfluga,https://www.artportalen.se/MediaLibrary/2020/5/6b13a81a-85f7-42eb-9d64-89d35c63c19f_image.jpg,https://www.artportalen.se/MediaLibrary/2020/5/69cbcc9e-818e-480b-bd8b-756772c313f5_image.jpg,https://www.artportalen.se/MediaLibrary/2020/5/db084967-aae5-41fd-b998-854bf88cff1c_image.jpg,https://www.artportalen.se/MediaLibrary/2020/4/a9453e59-3619-49ca-8b91-e70b5fccba6b_image.jpg,https://www.artportalen.se/MediaLibrary/2019/10/8cffe2eb-37e6-4fdc-bdfa-5c7865bb7844_image.jpg,https://www.artportalen.se/MediaLibrary/2019/10/defe3fed-41e8-4ffa-b948-1e24ca79ff4c_image.jpg,https://www.artportalen.se/MediaLibrary/2019/5/f6447479-66d6-4437-8c32-7d09b84e41ee_image.jpg,https://www.artportalen.se/MediaLibrary/2019/5/7d764ec4-6d2f-4fcf-aba4-516547b6537e_image.jpg,https://www.artportalen.se/MediaLibrary/2019/5/05446465-f0aa-4c1b-b170-efc3e5b7574f_image.jpg,https://www.artportalen.se/MediaLibrary/2019/4/6dd1d8ad-d5bb-447d-a232-c3ca1265bcc6_image.jpg,https://www.artportalen.se/MediaLibrary/2019/3/c999ebbf-3807-4544-b101-9a3846bab55d_image.jpg,https://www.artportalen.se/MediaLibrary/2018/9/bc49add8-0fe4-4cd0-96a7-37f29c7bbb04_image.jpg
gräshoppa,https://www.artportalen.se/MediaLibrary/2019/9/a5a25edd-3286-44c0-bc3e-585712c2e648_image.jpg,https://www.artportalen.se/MediaLibrary/2019/9/d98e92e2-4044-4fe0-898c-3eebb8bdb0db_image.jpg,https://www.artportalen.se/MediaLibrary/2019/9/0b0d4c78-82e1-4339-b10d-110905f68470_image.jpg,https://www.artportalen.se/MediaLibrary/2019/8/83329cd8-1569-4f47-a8bf-da269a337548_image.jpg,https://www.artportalen.se/MediaLibrary/2019/8/7549d94a-e31a-415b-b727-aa0d5c0a43d4_image.jpg,https://www.artportalen.se/MediaLibrary/2019/8/549aed88-6b11-4b19-9f1e-c1779f813cac_image.jpg,https://www.artportalen.se/MediaLibrary/2019/8/308d0fb3-efb0-48ac-8fdf-04b22ac56bdc_image.jpg,https://www.artportalen.se/MediaLibrary/2019/7/1414de4c-07a2-45fd-8f05-4ddf3dab4a25_image.jpg,https://www.artportalen.se/MediaLibrary/2019/7/78257423-f6ae-4744-ae50-288ae725e008_image.jpg,https://www.artportalen.se/MediaLibrary/2019/7/042d09d7-a09e-4ad9-af1f-00bcd017a4b0_image.jpg,https://www.artportalen.se/MediaLibrary/2019/7/5dd805f7-0e33-408e-b8cc-d81a700067d8_image.jpg,https://www.artportalen.se/MediaLibrary/2019/7/87147338-4338-4a03-b4e6-9a95d0179de9_image.jpg
