ål,https://www.artportalen.se/MediaLibrary/2020/5/1839851a-47ca-4810-aa22-18ce81786748_image.jpg,https://www.artportalen.se/MediaLibrary/2019/10/4fba6a00-dac0-4e02-a0b0-59d858b003b0_image.jpg,https://www.artportalen.se/MediaLibrary/2019/10/7b00f420-2965-45f1-9cbf-e3441f6b6fe3_image.jpg,https://www.artportalen.se/MediaLibrary/2019/8/e2a384ca-cfb5-4639-bb10-7313830a8ab3_image.jpg,https://www.artportalen.se/MediaLibrary/2019/8/5a7efc81-2dba-4c89-83c8-1c72fe9f8a02_image.jpg,https://www.artportalen.se/MediaLibrary/2019/6/9940a51c-7dff-493e-a6fc-e366d1ef7c9f_image.jpg,https://www.artportalen.se/MediaLibrary/2019/6/4acc94eb-7231-4f80-aa78-74208c87d812_image.jpg,https://www.artportalen.se/MediaLibrary/2018/10/74774ccf-ad0e-42c3-b59a-8380fa5794f0_image.jpg,https://www.artportalen.se/MediaLibrary/2018/9/c72db737-b4c8-42cc-8036-ab05e6d784ef_image.jpg,https://www.artportalen.se/MediaLibrary/2018/8/36886ff8-a24f-4e39-af37-5eb8cfd070d6_image.jpg,https://www.artportalen.se/MediaLibrary/2018/7/57a0ace6-7063-4665-8e2c-6b5661cdce58_image.jpg,https://www.artportalen.se/MediaLibrary/2018/6/4b304bbd-88b5-4726-8a18-30388d4b663e_image.jpg
sjurygg,https://www.artportalen.se/MediaLibrary/2020/5/acdbe545-7101-432a-949b-ee92bcf73011_image.jpg,https://www.artportalen.se/MediaLibrary/2018/11/c83bcd1b-99a7-4a85-b9a0-b5a06932f8ea_image.jpg,https://www.artportalen.se/MediaLibrary/2018/11/f733b5fc-2995-42ab-8975-f154a51d9f3a_image.jpg,https://www.artportalen.se/MediaLibrary/2018/8/b8fd84ea-3287-4311-9d44-d1841f58e594_image.jpg,https://www.artportalen.se/MediaLibrary/2018/7/c608813c-87b3-42ad-9f94-5e7993e59bb6_image.jpg,https://www.artportalen.se/MediaLibrary/fish/2010/large/243091.jpg
kantnål,https://www.artportalen.se/MediaLibrary/2017/6/56922a9d-9c80-4d64-b472-08d95fe3f7e2_image.jpg,https://www.artportalen.se/MediaLibrary/2014/9/dff64d08-dd2e-4a92-98d2-aa3fa8c619d1_image.jpg
näbbgädda,https://www.artportalen.se/MediaLibrary/2020/6/80037462-16a3-47d1-a4af-518f0b43d2b2_image.jpg,https://www.artportalen.se/MediaLibrary/2020/5/4eb71829-6e49-40d3-a775-745885dc8996_image.jpg,https://www.artportalen.se/MediaLibrary/2020/5/19bc06fe-7a82-42a6-8a6c-983ba4795114_image.jpg,https://www.artportalen.se/MediaLibrary/2019/6/128480e7-0988-4208-b8ac-d16cd3080f19_image.jpg,https://www.artportalen.se/MediaLibrary/2019/5/4828b9fa-1c64-444f-85b0-b15064e5524f_image.jpg,https://www.artportalen.se/MediaLibrary/2019/5/16dd1085-4364-4a76-a192-536364eb7624_image.jpg,https://www.artportalen.se/MediaLibrary/2017/7/e0a37949-b3f2-4ce4-8893-4119d48d9223_image.jpg,https://www.artportalen.se/MediaLibrary/2017/6/232d03c6-8a69-41c0-96a1-bcbc622c8048_image.jpg,https://www.artportalen.se/MediaLibrary/2016/7/ef1a6051-96ff-4a68-8095-6f3de91a8095_image.jpg,https://www.artportalen.se/MediaLibrary/2013/7/741b6c3f-ee02-45b1-87cd-c9d321d32862_image.jpg
mal,https://www.artportalen.se/MediaLibrary/2018/1/34e35821-6e89-424b-9811-9477278726f0_image.jpg,https://www.artportalen.se/MediaLibrary/2015/10/e77e72c4-aa83-4289-8c82-b0647cc75809_image.jpg,https://www.artportalen.se/MediaLibrary/2015/10/8d2eed1c-de33-48e2-a1c9-264e33d81ba7_image.jpg,https://www.artportalen.se/MediaLibrary/2015/10/e8cce418-49be-4326-9f1a-0083b71d9476_image.jpg,https://www.artportalen.se/MediaLibrary/2015/10/4b40a1d5-c6f0-478e-bd14-9c811c4fd9c4_image.jpg,https://www.artportalen.se/MediaLibrary/2015/10/e74813cf-2ba5-46b5-a1ee-0f2c86bc69df_image.jpg,https://www.artportalen.se/MediaLibrary/2015/10/e5252c7f-0e07-461b-acea-698b79df185c_image.jpg,https://www.artportalen.se/MediaLibrary/2015/9/89aa9cf8-38c5-4d2f-af9f-bddc9941361c_image.jpg,https://www.artportalen.se/MediaLibrary/2015/9/e343c7c6-6e99-4c4f-b923-1f48f8e563a4_image.jpg,https://www.artportalen.se/MediaLibrary/2014/6/c00a0161-cef5-447e-8965-87213c3f4403_image.jpg
stensimpa,https://www.artportalen.se/MediaLibrary/2020/3/3c651636-30cc-434e-bd1a-8bec1195e82d_image.jpg,https://www.artportalen.se/MediaLibrary/2018/7/7e1c06d3-53ab-4ebc-aba0-1d98097c2c3a_image.jpg,https://www.artportalen.se/MediaLibrary/2017/7/425dc743-1189-496c-8bba-add7e77a46d1_image.jpg,https://www.artportalen.se/MediaLibrary/2017/5/08984ff6-a8d5-455d-83ce-84f7c36a4b66_image.jpg,https://www.artportalen.se/MediaLibrary/2017/2/9813d3cf-f486-4f99-ac58-24c436761810_image.jpg,https://www.artportalen.se/MediaLibrary/2016/12/eff2a032-3a91-4151-9d51-7d8e3d7758b6_image.jpg,https://www.artportalen.se/MediaLibrary/2016/12/852123a0-7df2-4323-8793-961cd7aee4e3_image.jpg,https://www.artportalen.se/MediaLibrary/2016/10/e7cb4e96-f8f7-4a2a-b445-4d8dcf1ce0c3_image.jpg,https://www.artportalen.se/MediaLibrary/2016/7/732d9d96-193b-42b0-aa30-4ab171bb7cc2_image.jpg,https://www.artportalen.se/MediaLibrary/2016/7/7bca8148-fbe3-4eed-acfa-a89b123257f2_image.jpg,https://www.artportalen.se/MediaLibrary/2016/7/8f9eb319-7752-4ff0-b7be-f7aa8dd1851c_image.jpg,https://www.artportalen.se/MediaLibrary/2015/11/cb41c373-6f90-488a-9916-ab5d6ef08c85_image.jpg
sill,https://www.artportalen.se/MediaLibrary/2020/4/ee54ad99-830a-4e85-8fc1-8409085ed123_image.jpg,https://www.artportalen.se/MediaLibrary/2018/8/60b94b58-b0ea-48b2-8869-76f47a3a356b_image.jpg,https://www.artportalen.se/MediaLibrary/2018/2/76596c68-fda8-41c9-891f-7f8565197348_image.jpg,https://www.artportalen.se/MediaLibrary/2018/1/73e64299-0a88-4e3b-9591-dcc55c13d6b9_image.jpg,https://www.artportalen.se/MediaLibrary/2013/6/14d22a39-938f-416b-a55d-fe72c7134d36_image.jpg
spigg,https://www.artportalen.se/MediaLibrary/2020/5/07c61e45-067d-42fa-a47b-d244a0444fa8_image.jpg,https://www.artportalen.se/MediaLibrary/2020/5/6be0ee53-4702-45db-bceb-60059d0680bb_image.jpg,https://www.artportalen.se/MediaLibrary/2020/4/4adb45a1-cbd5-4e85-a138-0813724eb1be_image.jpg,https://www.artportalen.se/MediaLibrary/2020/1/39f8b5a9-2f6c-4ec5-947b-0a846bb7801c_image.jpg,https://www.artportalen.se/MediaLibrary/2019/9/1ee2281c-5ac5-4655-aabf-acad7c3ce553_image.jpg,https://www.artportalen.se/MediaLibrary/2019/9/3cd9daa8-c7e0-4b04-a7c7-1d0191d1eac3_image.jpg,https://www.artportalen.se/MediaLibrary/2019/9/de75951e-6e55-4030-aec7-a004e33c931e_image.jpg,https://www.artportalen.se/MediaLibrary/2019/9/fcbc6ba7-e012-4f27-b490-60706991c28f_image.jpg,https://www.artportalen.se/MediaLibrary/2019/8/524a0e76-e9fa-457f-b99a-9efcdfe6bab5_image.jpg,https://www.artportalen.se/MediaLibrary/2019/8/ba3a4819-ab95-417b-8df5-e0ee884b877c_image.jpg,https://www.artportalen.se/MediaLibrary/2019/7/54529801-7dce-4d27-87fb-ea96eeb48077_image.jpg,https://www.artportalen.se/MediaLibrary/2019/7/1ff24809-d2b1-4ffc-b771-d3c00efd3096_image.jpg
flodnejonöga,https://www.artportalen.se/MediaLibrary/2020/5/ea2ec723-9d6b-4253-9d9f-73b48199f9fe_image.jpg,https://www.artportalen.se/MediaLibrary/2020/5/dafe4fec-6fcc-4532-84c9-080ab3892491_image.jpg,https://www.artportalen.se/MediaLibrary/2020/5/0c7b4746-ac65-4036-bbd0-adbf331cb578_image.jpg,https://www.artportalen.se/MediaLibrary/2020/2/948e90ac-6175-43c9-8e4e-2606da187be5_image.jpg,https://www.artportalen.se/MediaLibrary/2019/10/48f2d228-3fc1-4208-9cd4-f5df1a1be8eb_image.jpg,https://www.artportalen.se/MediaLibrary/2019/6/4ba0873f-ec61-47fe-a3ae-8dd5fadf804c_image.jpg,https://www.artportalen.se/MediaLibrary/2019/5/15645194-8fb5-48e8-91f7-e20228d40712_image.jpg,https://www.artportalen.se/MediaLibrary/2019/5/b7881377-9059-4a98-8e37-75046f70eeac_image.jpg,https://www.artportalen.se/MediaLibrary/2019/5/8607a5b8-2978-4193-b1fd-c69461f97f48_image.jpg,https://www.artportalen.se/MediaLibrary/2019/3/be67d832-b19a-4732-af47-b4307fef96f4_image.jpg,https://www.artportalen.se/MediaLibrary/2018/9/58d79328-5626-4a77-b919-491e83a4c0ab_image.jpg,https://www.artportalen.se/MediaLibrary/2018/9/9d5bce3e-90af-40ab-8dc5-9cd4d9a32615_image.jpg
klorocka,https://www.artportalen.se/MediaLibrary/2020/4/ff62e3ca-655c-4050-b99d-09c713b55359_image.jpg
karp,https://www.artportalen.se/MediaLibrary/2020/5/82417fb6-bc31-4530-a42f-9759db394b63_image.jpg,https://www.artportalen.se/MediaLibrary/2020/1/b87a4a5e-f037-4620-8557-fd2e9f874a5e_image.jpg,https://www.artportalen.se/MediaLibrary/2019/8/91380780-d0cc-4a07-a98a-81a9fd30e0e1_image.jpg,https://www.artportalen.se/MediaLibrary/2019/8/41fda212-b1cc-4004-be6d-57a17dca14dc_image.jpg,https://www.artportalen.se/MediaLibrary/2019/8/c6169fcc-29e3-4296-a692-bb7a19d7d79c_image.jpg,https://www.artportalen.se/MediaLibrary/2019/8/243a0be2-1299-41ac-ad3e-24ef80760a36_image.jpg,https://www.artportalen.se/MediaLibrary/2019/8/25ab14e3-bb21-4156-b79c-486adf498f4d_image.jpg,https://www.artportalen.se/MediaLibrary/2019/6/ee02b83c-570b-40b1-a8d9-639bc042318c_image.jpg,https://www.artportalen.se/MediaLibrary/2019/6/243b96ea-f73a-46a3-8f9f-681007ade524_image.jpg,https://www.artportalen.se/MediaLibrary/2019/5/eac6ed48-48b1-4769-9c92-79c83ca45c9a_image.jpg,https://www.artportalen.se/MediaLibrary/2019/4/9fa1916a-9fcb-438b-becf-fdd6d28d2656_image.jpg,https://www.artportalen.se/MediaLibrary/2018/12/dc33016e-7126-4084-9fe1-1d438d45e933_image.jpg
ruda,https://www.artportalen.se/MediaLibrary/2020/5/353974cc-0c75-4daf-80ab-a68675045f78_image.jpg,https://www.artportalen.se/MediaLibrary/2020/4/b721250d-5738-4318-ad91-05e3a4bde0d5_image.jpg,https://www.artportalen.se/MediaLibrary/2020/4/c0cd1b12-40d8-4cc0-b9e1-62158223c383_image.jpg,https://www.artportalen.se/MediaLibrary/2020/4/90bf86db-5edc-4bcd-ad3f-2d91f4e1644e_image.jpg,https://www.artportalen.se/MediaLibrary/2020/4/07727c49-29d9-4175-9200-07c9bd7cf72f_image.jpg,https://www.artportalen.se/MediaLibrary/2020/3/110bf98b-97b6-499f-8339-85e586e13bb5_image.jpg,https://www.artportalen.se/MediaLibrary/2019/7/6f3de5bf-d03c-4401-8458-3ae9a776f036_image.jpg,https://www.artportalen.se/MediaLibrary/2019/7/aff00f87-045e-4592-ba2e-b009f72353c2_image.jpg,https://www.artportalen.se/MediaLibrary/2019/6/4d6afab4-4141-45fe-b0e8-2585998a91a0_image.jpg,https://www.artportalen.se/MediaLibrary/2019/6/ec8ecf1d-89fe-4e14-bf8e-83155faa3c9f_image.jpg,https://www.artportalen.se/MediaLibrary/2019/6/d46869a7-abc2-4fc7-9157-9d1a5ff47f12_image.jpg,https://www.artportalen.se/MediaLibrary/2018/7/86318bab-93f5-443e-8e1f-c7f2c621e5ea_image.jpg
aspius,https://www.artportalen.se/MediaLibrary/2020/4/511abbd6-0dfc-466f-bc4e-fd91f4dfb13d_image.jpg,https://www.artportalen.se/MediaLibrary/2019/6/6420145c-245a-45b1-97d3-e4d5e40e72e9_image.jpg,https://www.artportalen.se/MediaLibrary/2019/4/c7dfc17e-e3de-4358-b4cd-3840a9c65c57_image.jpg,https://www.artportalen.se/MediaLibrary/2019/4/3f5ce307-249e-4964-a4ef-b5afe52b50f9_image.jpg,https://www.artportalen.se/MediaLibrary/2019/4/28a4290d-61fc-4fab-9e62-1325c1f05684_image.jpg,https://www.artportalen.se/MediaLibrary/2019/4/1efc9244-d1bb-4b42-a33c-2254a2be7fef_image.jpg,https://www.artportalen.se/MediaLibrary/2019/4/a10001fd-5157-4220-bd2e-d68ec053985c_image.jpg,https://www.artportalen.se/MediaLibrary/2019/4/83fec90a-ed6c-4a35-a837-19d7b3391799_image.jpg,https://www.artportalen.se/MediaLibrary/2018/11/43a94e48-62ac-42e5-9d89-076b5eb686f8_image.jpg,https://www.artportalen.se/MediaLibrary/2018/5/30aac9d8-ff9b-4504-987b-f4161ffd54d0_image.jpg,https://www.artportalen.se/MediaLibrary/2017/7/deba3fbb-76e1-4201-b8ba-1e47809bb89f_image.jpg,https://www.artportalen.se/MediaLibrary/2017/5/c4c66d7d-0a50-46e2-a257-ef24d475b721_image.jpg
braxen,https://www.artportalen.se/MediaLibrary/2020/6/79dc3c97-d68d-43e6-81ad-c6af9a0017ee_image.jpg,https://www.artportalen.se/MediaLibrary/2020/6/b2784c74-3070-43e1-92f4-a88c5cc0ebff_image.jpg,https://www.artportalen.se/MediaLibrary/2020/5/da4dc79c-eb12-4f89-a077-697de570666f_image.jpg,https://www.artportalen.se/MediaLibrary/2020/5/e776c2be-2009-49e5-9318-5d0a9ce0b7f8_image.jpg,https://www.artportalen.se/MediaLibrary/2020/5/d52e2488-c9d7-4c81-b0d3-8003950766ba_image.jpg,https://www.artportalen.se/MediaLibrary/2020/4/ed4ef82d-c58c-4b73-afad-0899d06f2cc3_image.jpg,https://www.artportalen.se/MediaLibrary/2020/4/9b79070d-b669-4528-91d8-8c0c4b5494ec_image.jpg,https://www.artportalen.se/MediaLibrary/2018/8/aa756d35-10f6-4dd9-9566-9ea6092d9026_image.jpg,https://www.artportalen.se/MediaLibrary/2018/7/46d42ec7-4d4a-4765-ba9a-f24fb3d1c5e7_image.jpg,https://www.artportalen.se/MediaLibrary/2018/7/7a6d8be4-ce91-4839-8847-7633ba4e7f16_image.jpg,https://www.artportalen.se/MediaLibrary/2017/7/bf141579-48c2-4532-acba-650e9e81390d_image.jpg,https://www.artportalen.se/MediaLibrary/2017/7/d68578d1-87f5-48e9-adeb-9a2d5a25340e_image.jpg
björkna,https://www.artportalen.se/MediaLibrary/2020/1/56123d30-861a-491a-aad8-aadc2f2be056_image.jpg,https://www.artportalen.se/MediaLibrary/2020/1/2bd3e690-6298-472d-af87-e2ef1b8610f7_image.jpg,https://www.artportalen.se/MediaLibrary/2018/8/4f653ed3-4fa1-4a36-9bc1-30ea4bc2a6be_image.jpg,https://www.artportalen.se/MediaLibrary/2018/5/08c69f06-5ed3-4edc-bfcb-55faf27df2e5_image.jpg,https://www.artportalen.se/MediaLibrary/2018/1/5f407909-65c7-472a-84e5-918f16bd968f_image.jpg,https://www.artportalen.se/MediaLibrary/2016/10/7c1e6241-ee1b-4c36-b451-d22c2dc6504c_image.jpg,https://www.artportalen.se/MediaLibrary/2016/10/c0fe9510-bde6-4f02-a527-92f476635abb_image.jpg,https://www.artportalen.se/MediaLibrary/2016/10/fec2264c-da3a-4dd9-84bc-3f454e22d169_image.jpg,https://www.artportalen.se/MediaLibrary/2016/7/820f732b-700b-468d-a553-3fa0d7656cbb_image.jpg,https://www.artportalen.se/MediaLibrary/2016/5/1b9f280e-f278-48df-87f0-4556c644d5e8_image.jpg,https://www.artportalen.se/MediaLibrary/2014/11/f6fff13b-1997-4713-914d-bbc740e7e27a_image.jpg
sutare,https://www.artportalen.se/MediaLibrary/2019/7/bf5ef6d1-929f-4a35-bf4e-d105ccc03ba5_image.jpg,https://www.artportalen.se/MediaLibrary/2019/6/08a60bcf-e4a9-4942-948e-f06c4e4b528a_image.jpg,https://www.artportalen.se/MediaLibrary/2019/6/49b07e6c-e372-4475-a349-5e12304d54d5_image.jpg,https://www.artportalen.se/MediaLibrary/2019/4/653786e8-3d67-4122-a0e6-9375c85305c6_image.jpg,https://www.artportalen.se/MediaLibrary/2019/1/f710c17f-6b21-4876-81ab-c0c393a6783d_image.jpg,https://www.artportalen.se/MediaLibrary/2018/7/c1564533-858f-4952-b3cb-fc9e0043adf7_image.jpg,https://www.artportalen.se/MediaLibrary/2018/7/926da25a-7b93-46a5-9be9-d09ae9b2a2a7_image.jpg,https://www.artportalen.se/MediaLibrary/2018/7/46d0ae76-6d45-4934-bd97-9cfaf3ff54dc_image.jpg,https://www.artportalen.se/MediaLibrary/2018/6/97890689-8d1d-4ec0-be5b-4190c5500917_image.jpg,https://www.artportalen.se/MediaLibrary/2018/6/778bb621-69a3-49bd-835b-fb3d3f830aad_image.jpg,https://www.artportalen.se/MediaLibrary/2017/6/4885b21f-ad0c-4286-b119-635d1f9a72e7_image.jpg,https://www.artportalen.se/MediaLibrary/2017/6/775a5dc3-bb0c-4f7c-82a2-593326b7c479_image.jpg
mört,https://www.artportalen.se/MediaLibrary/2020/6/137c6e06-b616-4c45-b779-3d8f77f62f53_image.jpg,https://www.artportalen.se/MediaLibrary/2020/5/1fee2474-a48d-47ea-8e9b-d3f6df3d48e9_image.jpg,https://www.artportalen.se/MediaLibrary/2020/5/586c9f39-681e-4b3c-9ed7-81ea8b5bca5b_image.jpg,https://www.artportalen.se/MediaLibrary/2020/5/238a3e12-c6eb-41b9-a65e-9f8a676cbd95_image.jpg,https://www.artportalen.se/MediaLibrary/2020/5/e2fa6e51-8953-4ed7-bc4f-94256eab97b2_image.jpg,https://www.artportalen.se/MediaLibrary/2020/5/df312e8a-1dfc-4180-878f-f38005980c39_image.jpg,https://www.artportalen.se/MediaLibrary/2020/5/7e493865-804c-4f73-847f-2c078da13935_image.jpg,https://www.artportalen.se/MediaLibrary/2020/5/82131007-3658-4b5f-9ed2-0b642d218dc3_image.jpg,https://www.artportalen.se/MediaLibrary/2020/5/c61dfd8f-9b2c-4e7e-9683-3baf6c074602_image.jpg,https://www.artportalen.se/MediaLibrary/2020/4/1bf82b20-6dd0-4af0-9446-5ef0eef6e3d2_image.jpg,https://www.artportalen.se/MediaLibrary/2020/4/457ad3ef-0afa-4134-b56d-37f2660616d0_image.jpg,https://www.artportalen.se/MediaLibrary/2020/4/35938472-c992-4a06-9e46-bc67de671361_image.jpg
sarv,https://www.artportalen.se/MediaLibrary/2020/5/5809305b-662a-4e53-962d-bf68c32bf489_image.jpg,https://www.artportalen.se/MediaLibrary/2020/5/d3f8cf90-4eaf-4180-9f28-27c0b4a92fb2_image.jpg,https://www.artportalen.se/MediaLibrary/2020/5/9173d532-339b-4ecb-b588-901d846630a5_image.jpg,https://www.artportalen.se/MediaLibrary/2020/3/71c95e9d-95fd-4ddf-9a40-033b591abd76_image.jpg,https://www.artportalen.se/MediaLibrary/2019/6/a4dc6ab8-af9f-44e3-bc5c-b26ead963d0e_image.jpg,https://www.artportalen.se/MediaLibrary/2018/9/c4b389b9-acc4-4e1c-9b57-c72fdc9d9c40_image.jpg,https://www.artportalen.se/MediaLibrary/2018/9/f5b11be3-574f-43d5-aade-e5d4369fa892_image.jpg,https://www.artportalen.se/MediaLibrary/2018/8/b7856188-080e-4ab9-ab7f-7ebfbe265079_image.jpg,https://www.artportalen.se/MediaLibrary/2018/8/400a11a2-0705-4fcf-b24d-017ec8470649_image.jpg,https://www.artportalen.se/MediaLibrary/2018/8/d0525714-a9b6-4b3d-bed4-156fcf2d8daf_image.jpg,https://www.artportalen.se/MediaLibrary/2018/7/1c778d07-b3c1-4933-8ba9-3cafee40fab5_image.jpg,https://www.artportalen.se/MediaLibrary/2018/6/b7f4ae68-fbce-49fa-9863-eaaeab685bac_image.jpg
löja,https://www.artportalen.se/MediaLibrary/2019/8/1c7cfa9c-de92-48fa-93eb-5d5e4f5a6ae4_image.jpg,https://www.artportalen.se/MediaLibrary/2019/8/64ec27c3-7dd1-49bd-ae72-bbc4e7ee9247_image.jpg,https://www.artportalen.se/MediaLibrary/2019/8/4aecd623-d833-468b-8787-a6c6b4a70c9e_image.jpg,https://www.artportalen.se/MediaLibrary/2019/8/8ff44b3a-627a-4487-90c8-daf476139c3e_image.jpg,https://www.artportalen.se/MediaLibrary/2019/3/f3beb9fe-0b29-41ae-85a7-725da45209f8_image.jpg,https://www.artportalen.se/MediaLibrary/2018/4/5b556bac-e5bb-4d45-9e2d-a67728457979_image.jpg,https://www.artportalen.se/MediaLibrary/2017/9/60e17aa4-d52a-461d-916b-15f0a5493c97_image.jpg,https://www.artportalen.se/MediaLibrary/2017/8/f6577058-695e-4ff9-8bc1-5836c3fb5f62_image.jpg,https://www.artportalen.se/MediaLibrary/2017/6/9af7e9a7-ff0b-49e7-b759-c964d0a8e78c_image.jpg,https://www.artportalen.se/MediaLibrary/2017/6/d617c6e9-a1f3-4b29-ad23-fa4fb58d43e7_image.jpg,https://www.artportalen.se/MediaLibrary/2017/6/ebdf5235-b8ab-4279-8425-8a82830e08d1_image.jpg,https://www.artportalen.se/MediaLibrary/2017/2/3a344b36-8172-41a3-b3fc-51681a0c455b_image.jpg
lax,https://www.artportalen.se/MediaLibrary/2019/9/a581e03c-2467-48e9-9154-283ca790bc9b_image.jpg,https://www.artportalen.se/MediaLibrary/2019/7/a01e4277-09e0-40ea-8081-7f574dd032eb_image.jpg,https://www.artportalen.se/MediaLibrary/2019/7/aaab1cff-ad20-4df3-bc81-1264b1b30fc8_image.jpg,https://www.artportalen.se/MediaLibrary/2019/3/527f53ff-0eb0-49ea-8f4f-4aba349d1871_image.jpg,https://www.artportalen.se/MediaLibrary/2019/1/75297ce0-d5cf-4dc6-b214-6dc786a09b0c_image.jpg,https://www.artportalen.se/MediaLibrary/2019/1/3948b292-9cd0-4ace-ba6f-b76199c8f824_image.jpg,https://www.artportalen.se/MediaLibrary/2019/1/07888737-633a-4a08-915a-85da873d05f0_image.jpg,https://www.artportalen.se/MediaLibrary/2019/1/67d62c87-96fd-4ecd-90d1-8bb4989169ac_image.jpg,https://www.artportalen.se/MediaLibrary/2019/1/c45ef1f1-f6dc-41c2-ad4a-2c989b38b8a0_image.jpg,https://www.artportalen.se/MediaLibrary/2018/11/a194c619-bf15-4a2a-b221-757bdab00b38_image.jpg,https://www.artportalen.se/MediaLibrary/2018/11/6d3ed87c-bebf-4c11-91d8-6b37dde60fc7_image.jpg,https://www.artportalen.se/MediaLibrary/2018/11/039faa86-e462-4ceb-a73d-628eba731ae8_image.jpg
öring,https://www.artportalen.se/MediaLibrary/2020/6/a1688dd5-0314-4602-b4ac-f91f91a38d98_image.jpg,https://www.artportalen.se/MediaLibrary/2020/6/54d77046-258f-4234-8583-bfaf70a520bd_image.jpg,https://www.artportalen.se/MediaLibrary/2020/6/d82d5431-dce6-4195-addf-4b2015de9e3d_image.jpg,https://www.artportalen.se/MediaLibrary/2020/5/40963007-41be-41bb-8bd3-ba9aac4712d8_image.jpg,https://www.artportalen.se/MediaLibrary/2020/5/0cbe51a5-bbda-431f-88ee-908ba095dfae_image.jpg,https://www.artportalen.se/MediaLibrary/2020/5/c805e262-14af-4934-8998-af7b617d0292_image.jpg,https://www.artportalen.se/MediaLibrary/2020/5/0a5b17a5-d8c7-4124-98f4-d625699cb2a3_image.jpg,https://www.artportalen.se/MediaLibrary/2020/5/da831534-64eb-4861-846a-6ef5ab93226a_image.jpg,https://www.artportalen.se/MediaLibrary/2020/4/7f7ca5d9-3758-4208-8987-309b9d00c749_image.jpg,https://www.artportalen.se/MediaLibrary/2020/4/fae55c44-4b74-4ea7-8c37-c863b1c641fb_image.jpg,https://www.artportalen.se/MediaLibrary/2020/4/29c4b68e-8486-42e2-a300-0d7dc2614f2b_image.jpg,https://www.artportalen.se/MediaLibrary/2019/11/8e3a295c-70bb-4667-9150-f17486757460_image.jpg
regnbåge,https://www.artportalen.se/MediaLibrary/2018/12/10ef381b-3a36-400d-a1f8-35c5616a1d07_image.jpg
röding,https://www.artportalen.se/MediaLibrary/2020/1/d1a68e8f-1bff-4b03-9313-a9f89621ef5c_image.jpg,https://www.artportalen.se/MediaLibrary/2019/12/6d1f7dd1-5e59-499e-a82a-1c1d908d5727_image.jpg,https://www.artportalen.se/MediaLibrary/2019/11/9b39b97d-ea7d-4da6-825e-97c4431ca2ec_image.jpg,https://www.artportalen.se/MediaLibrary/2019/10/f1acfc69-a075-4985-8e05-e11e9940b0c3_image.jpg,https://www.artportalen.se/MediaLibrary/2019/10/5e097fd0-8358-4088-ba32-621baa6737ea_image.jpg,https://www.artportalen.se/MediaLibrary/2015/10/94be0236-9ee7-4d5a-82f4-e741816f9484_image.jpg,https://www.artportalen.se/MediaLibrary/2015/10/c250a0ee-2e60-4a56-96f7-cdd777182a10_image.jpg,https://www.artportalen.se/MediaLibrary/2015/10/cf190c30-814a-42b0-98ae-bba191b7d655_image.jpg,https://www.artportalen.se/MediaLibrary/2014/10/2aa05c0a-d7f6-4c80-b597-2f2639f7a3e0_image.jpg,https://www.artportalen.se/MediaLibrary/2014/10/88342ce0-2cad-4d49-9312-f9837c4d6cd4_image.jpg,https://www.artportalen.se/MediaLibrary/2014/10/d48fb126-2430-4b81-9611-d3293aeb2080_image.jpg,https://www.artportalen.se/MediaLibrary/2014/10/a116519c-3990-4ea8-ba4b-7bf5bad1bf32_image.jpg
sik,https://www.artportalen.se/MediaLibrary/2019/4/c2187996-28fb-44db-ba79-bee6f6b09f1d_image.jpg,https://www.artportalen.se/MediaLibrary/2017/4/942d07f1-0c8e-4cc9-ae97-c4fd772ca71e_image.jpg,https://www.artportalen.se/MediaLibrary/2016/7/9b764ea6-9ff6-447e-8ba2-dc671289acd7_image.jpg,https://www.artportalen.se/MediaLibrary/2014/11/1ba93e38-1467-4b9a-8918-780a99cbb922_image.jpg,https://www.artportalen.se/MediaLibrary/2014/11/04bdaa80-6d73-4ccd-b2c7-cd0c26375a7e_image.jpg
gädda,https://www.artportalen.se/MediaLibrary/2020/6/07d908f0-4b1c-4f38-89d4-38b08ed39121_image.jpg,https://www.artportalen.se/MediaLibrary/2020/5/ea4f00cf-65c2-47f4-9240-7331ac919e59_image.jpg,https://www.artportalen.se/MediaLibrary/2020/5/4d15ddf0-62e1-48bf-878f-423a256bf448_image.jpg,https://www.artportalen.se/MediaLibrary/2020/5/e7d36119-7740-44c3-8ef1-f2066598200e_image.jpg,https://www.artportalen.se/MediaLibrary/2020/5/af435a00-59c8-42cc-bb11-466e831afc14_image.jpg,https://www.artportalen.se/MediaLibrary/2020/5/778197b1-1497-4b04-a29c-601c3926c14e_image.jpg,https://www.artportalen.se/MediaLibrary/2020/5/2a2d2ab4-189a-42d7-b278-f4a7dce4dea8_image.jpg,https://www.artportalen.se/MediaLibrary/2020/4/9dbd5e7a-0202-4b56-bc07-6000f26d6e4b_image.jpg,https://www.artportalen.se/MediaLibrary/2020/4/947acd7d-7108-41b6-9cb5-3d124b700008_image.jpg,https://www.artportalen.se/MediaLibrary/2020/4/373f8c83-4a54-4bc5-beb9-c17b7254c62a_image.jpg,https://www.artportalen.se/MediaLibrary/2020/4/0247e60e-4289-4940-af22-00fd07352a33_image.jpg,https://www.artportalen.se/MediaLibrary/2020/4/b5b5a183-0b8b-4fa6-8074-def9c561c5e7_image.jpg
stensnultra,https://www.artportalen.se/MediaLibrary/2019/8/d0ab7c8e-b20e-4cdf-902d-0eb2ec15b56f_image.jpg,https://www.artportalen.se/MediaLibrary/2018/11/e5458ddc-95dd-4a7f-8f54-d26dc313a30c_image.jpg,https://www.artportalen.se/MediaLibrary/2018/7/61a522c4-8028-4ce8-b12f-f33352aab217_image.jpg,https://www.artportalen.se/MediaLibrary/2018/5/39534dac-3561-4a4e-aea1-a8f09db9effc_image.jpg,https://www.artportalen.se/MediaLibrary/2017/8/2bffb0e2-c36d-48fb-b2aa-5e2818e89af3_image.jpg,https://www.artportalen.se/MediaLibrary/2017/8/52a4fd9b-22a7-4968-88fa-e2d4a19d0bc2_image.jpg,https://www.artportalen.se/MediaLibrary/2017/7/8b667446-b510-4953-ac96-b4c6fdde2001_image.jpg,https://www.artportalen.se/MediaLibrary/2016/11/2dc71a27-dff5-4939-a3b5-25f3e11faf1b_image.jpg,https://www.artportalen.se/MediaLibrary/2015/8/029f2073-719a-489b-9fbb-00f5f73dc8da_image.jpg,https://www.artportalen.se/MediaLibrary/2015/8/ae8f2eb6-3dd9-4e00-99c7-6dad85da765c_image.jpg,https://www.artportalen.se/MediaLibrary/2015/7/a5b8ca14-97c4-4387-bb49-4f3de0d960ba_image.jpg
sjustrålig smörbult,https://www.artportalen.se/MediaLibrary/2019/6/e6372238-428b-48c8-a500-863d0ab770ae_image.jpg,https://www.artportalen.se/MediaLibrary/2019/6/a8b0635f-a9e8-4231-958d-f3808ba9f3c7_image.jpg,https://www.artportalen.se/MediaLibrary/2018/7/10d16bd9-956e-47d5-b2dd-07109c5fa100_image.jpg,https://www.artportalen.se/MediaLibrary/2017/8/27966934-6fb4-44cc-9df5-1738add0cc34_image.jpg,https://www.artportalen.se/MediaLibrary/2017/8/105bbc0c-420a-45db-9b73-9a49b7bd28cd_image.jpg,https://www.artportalen.se/MediaLibrary/2016/9/a87f59d5-d925-4387-b574-494c7316caad_image.jpg
torsk,https://www.artportalen.se/MediaLibrary/2020/1/4961753c-7f79-4fec-ba3b-40dc2727b7e6_image.jpg,https://www.artportalen.se/MediaLibrary/2020/1/59043d90-2d81-4983-93ed-5a15bbd27d84_image.jpg,https://www.artportalen.se/MediaLibrary/2019/11/a0227697-2d0a-42b3-8f13-bc2f9da4c219_image.jpg,https://www.artportalen.se/MediaLibrary/2019/11/28d7d58a-dda6-4a46-843a-db622a53ec59_image.jpg,https://www.artportalen.se/MediaLibrary/2019/10/0dfcefe0-2a64-401e-ad6a-8ad9d03e0d2c_image.jpg,https://www.artportalen.se/MediaLibrary/2019/8/4136d8e4-5b3d-4e2c-bcff-8c3f49a7fb60_image.jpg,https://www.artportalen.se/MediaLibrary/2019/8/df09697a-263a-446e-82a1-4ee69a670df5_image.jpg,https://www.artportalen.se/MediaLibrary/2018/7/af958071-25f5-42ab-bf1b-8f3b52b930e6_image.jpg,https://www.artportalen.se/MediaLibrary/2018/2/375a4135-8ac6-4eb3-b938-b523262d2876_image.jpg,https://www.artportalen.se/MediaLibrary/2018/1/75949cb4-1f62-4d82-bfa3-a6a5cb136ef0_image.jpg,https://www.artportalen.se/MediaLibrary/2017/8/0ec29450-9f98-47af-b118-4cdad420292e_image.jpg,https://www.artportalen.se/MediaLibrary/2017/8/9a381ba5-c8ce-4553-b05d-faeeaf9e1d4d_image.jpg
gråsej,https://www.artportalen.se/MediaLibrary/2019/5/c33ea477-961d-460f-9af3-21126985ad33_image.jpg,https://www.artportalen.se/MediaLibrary/2018/7/d21818a0-44f1-4624-b2cf-b96315582984_image.jpg,https://www.artportalen.se/MediaLibrary/2018/7/77b35014-9e69-4d36-9fc6-dd253cb6296c_image.jpg,https://www.artportalen.se/MediaLibrary/2017/8/ba2d252e-0bcd-437c-a2e7-81ea46800813_image.jpg,https://www.artportalen.se/MediaLibrary/2017/8/e25ab216-d2fb-4c4c-9b11-198b6a426a47_image.jpg,https://www.artportalen.se/MediaLibrary/2016/11/0a671737-febf-44ff-bd3f-45d1436d61e5_image.jpg,https://www.artportalen.se/MediaLibrary/2016/11/c10a9ef3-73e9-44b0-aaed-73a597ac64b4_image.jpg,https://www.artportalen.se/MediaLibrary/2015/7/dbb87c88-5065-4f8c-b8b9-6c47752a1058_image.jpg,https://www.artportalen.se/MediaLibrary/2013/7/1f730a23-f80e-4bed-9be1-d69f94499da9_image.jpg,https://www.artportalen.se/MediaLibrary/2013/7/816d46c3-c4ba-491d-a816-6b110658bf18_image.jpg,https://www.artportalen.se/MediaLibrary/2013/7/734d1772-513d-4ca1-9865-7ba1e1ce2a99_image.jpg
vitling,https://www.artportalen.se/MediaLibrary/2017/6/49611bd9-2d10-4dcb-95aa-22b972d805a3_image.jpg,https://www.artportalen.se/MediaLibrary/2015/9/53fafb08-7a5e-4907-8584-1e6a76114745_image.jpg,https://www.artportalen.se/MediaLibrary/2015/8/f2ee12b3-b191-49fc-b2b0-7f09fea43e1f_image.jpg,https://www.artportalen.se/MediaLibrary/2013/7/bd039866-7b03-4b33-888c-8019113f5b97_image.jpg,https://www.artportalen.se/MediaLibrary/2013/7/ae21b702-a74d-4b82-8187-8dc969e299cc_image.jpg,https://www.artportalen.se/MediaLibrary/2013/7/b22eb437-016d-4941-8d64-4e7e7c90cf20_image.jpg
långa,https://www.artportalen.se/MediaLibrary/2018/11/0322da27-a7b8-4e64-9c45-c1b6634632a8_image.jpg
lake,https://www.artportalen.se/MediaLibrary/2020/2/8b09f16b-ff1d-4183-a73f-a67dec4f6d15_image.jpg,https://www.artportalen.se/MediaLibrary/2020/2/e5e2194f-c64c-4511-bb51-c15756300ba1_image.jpg,https://www.artportalen.se/MediaLibrary/2019/9/88ebaa78-64d3-4301-a333-5ad00ae8f734_image.jpg,https://www.artportalen.se/MediaLibrary/2019/9/e51d843a-08e8-47f0-954d-47ad8dba9d5b_image.jpg,https://www.artportalen.se/MediaLibrary/2019/8/ee30784a-85e6-4546-8799-ba80eeb27203_image.jpg,https://www.artportalen.se/MediaLibrary/2019/8/7e456b8e-a42f-48ab-8833-1027333a1027_image.jpg,https://www.artportalen.se/MediaLibrary/2019/6/53a24550-0a65-4e03-96cf-cece0e4bfeca_image.jpg,https://www.artportalen.se/MediaLibrary/2019/6/cfd030c6-a8ff-4c95-a082-01608c242d60_image.jpg,https://www.artportalen.se/MediaLibrary/2018/10/b67f2afe-5873-47d0-a729-26c3ecc1491c_image.jpg,https://www.artportalen.se/MediaLibrary/2018/3/8d9584a4-1182-41df-9004-c0789c4754a6_image.jpg,https://www.artportalen.se/MediaLibrary/2018/2/c90f75ae-1a33-41ba-8917-ad90fd3e66b4_image.jpg,https://www.artportalen.se/MediaLibrary/2017/5/a808fead-ddcf-45bd-b0a4-9cde62c0f59f_image.jpg
piggvar,https://www.artportalen.se/MediaLibrary/2018/8/bc24385d-afee-4d35-99b6-379283fea0d6_image.jpg,https://www.artportalen.se/MediaLibrary/2017/6/54ce71e9-9151-4c4c-9b2e-71bbfd1095ae_image.jpg,https://www.artportalen.se/MediaLibrary/2017/1/86165494-cdd8-4f1f-8743-91864b09d11d_image.jpg,https://www.artportalen.se/MediaLibrary/2017/1/554607d3-4bee-471a-a5c9-0224d9b7b328_image.jpg,https://www.artportalen.se/MediaLibrary/2017/1/89137ca0-a5f5-44da-a230-935ab8448b1c_image.jpg,https://www.artportalen.se/MediaLibrary/2017/1/e512342e-75a5-46e7-ac7d-fe07033675fa_image.jpg,https://www.artportalen.se/MediaLibrary/2016/11/bda30dd9-f703-407c-aaaa-eef9fd4579b9_image.jpg,https://www.artportalen.se/MediaLibrary/2016/11/c716d59d-d45e-442a-9644-57949a64f826_image.jpg,https://www.artportalen.se/MediaLibrary/2016/11/6bde6abc-d2c7-4087-a299-79293a435c33_image.jpg
skrubbskädda,https://www.artportalen.se/MediaLibrary/2020/3/5b1aa2d4-0b8d-4dd7-b17a-5171202dd07c_image.jpg,https://www.artportalen.se/MediaLibrary/2019/10/c68f5ac1-410e-483b-8b57-404a4504449c_image.jpg,https://www.artportalen.se/MediaLibrary/2019/10/b7c52302-0bd9-4000-b6f1-0d147d22fc47_image.jpg,https://www.artportalen.se/MediaLibrary/2019/8/3d500f9c-d586-41f7-9e2f-bbbaba09473c_image.jpg,https://www.artportalen.se/MediaLibrary/2019/2/bb953b85-1a46-4ad4-b1c0-7f3323422b47_image.jpg,https://www.artportalen.se/MediaLibrary/2018/11/88c66c4b-054f-4e52-9ffd-a4c76644c3ba_image.jpg,https://www.artportalen.se/MediaLibrary/2018/8/53cda280-2483-4c00-b293-686637c28e8d_image.jpg,https://www.artportalen.se/MediaLibrary/2017/9/65b03c3f-678d-4370-ad29-bfb8c00e5015_image.jpg,https://www.artportalen.se/MediaLibrary/2017/9/d3fb4a10-d059-41e5-b21e-fbf923df254e_image.jpg,https://www.artportalen.se/MediaLibrary/2017/9/09cb1d5c-3285-4467-a05d-2a76ce5df87d_image.jpg,https://www.artportalen.se/MediaLibrary/2017/6/1fed893e-2030-46f0-99f5-2a5aabdb3648_image.jpg,https://www.artportalen.se/MediaLibrary/2017/2/5cbc6e88-0135-4a21-9c61-a89d2232ac9d_image.jpg
rödspätta,https://www.artportalen.se/MediaLibrary/2018/11/fd4b8604-36bb-4258-a389-a593ff3c0d9f_image.jpg,https://www.artportalen.se/MediaLibrary/2018/8/f00c2129-0932-4af1-a64a-7d6f91ad9865_image.jpg,https://www.artportalen.se/MediaLibrary/2017/6/f8735a86-f38d-4cfc-85fd-cc9c3362fdf1_image.jpg,https://www.artportalen.se/MediaLibrary/2015/8/8f064fe1-fc22-4103-8c60-fde7939f3628_image.jpg,https://www.artportalen.se/MediaLibrary/2015/6/12a003f8-25a8-4b75-beb9-84b413737767_image.jpg,https://www.artportalen.se/MediaLibrary/fish/2011/large/333706.jpg,https://www.artportalen.se/MediaLibrary/fish/2008/large/85814.jpg,https://www.artportalen.se/MediaLibrary/fish/2008/large/85813.jpg,https://www.artportalen.se/MediaLibrary/fish/2008/large/85810.jpg
tunga,https://www.artportalen.se/MediaLibrary/2019/11/d1ed6a5e-acd6-4d66-86d7-8507362699e6_image.jpg,https://www.artportalen.se/MediaLibrary/2019/11/fe59183d-b6ae-4c70-a537-794e4db4cf61_image.jpg,https://www.artportalen.se/MediaLibrary/2019/8/15e9899d-4c9d-42b3-9880-d21d11819971_image.jpg,https://www.artportalen.se/MediaLibrary/2019/8/46f7c455-4687-4138-ae58-9f37a553cd3f_image.jpg,https://www.artportalen.se/MediaLibrary/fish/2008/large/81435.jpg,https://www.artportalen.se/MediaLibrary/fish/2008/large/81434.jpg
