lökgroda,https://www.artportalen.se/MediaLibrary/2019/6/b998107e-3b0e-4fdb-a90d-dff0f26fe49f_image.jpg,https://www.artportalen.se/MediaLibrary/2018/6/f228048c-54d0-48a6-8723-95e68f526f9c_image.jpg,https://www.artportalen.se/MediaLibrary/2018/4/fc4c90a4-a0b5-465a-b8cc-f34eb2567719_image.jpg,https://www.artportalen.se/MediaLibrary/2017/4/2e01f38c-9205-4b25-8a85-a89bb8eb8c23_image.jpg,https://www.artportalen.se/MediaLibrary/2016/5/649428e5-3337-4364-b0c7-098d832aa608_image.jpg,https://www.artportalen.se/MediaLibrary/2016/5/c33e1c0b-de9a-4a29-a0a2-244f330c0ff6_image.jpg,https://www.artportalen.se/MediaLibrary/2016/5/16f1cbf4-a636-43c5-b1c2-d7c04fdb45af_image.jpg,https://www.artportalen.se/MediaLibrary/2016/5/2a3a4a12-9cea-4254-b979-8181ae562bd9_image.jpg,https://www.artportalen.se/MediaLibrary/2016/1/5c380809-f999-4d6a-a85a-70a7f71af2c8_image.jpg,https://www.artportalen.se/MediaLibrary/2014/2/53740e15-859f-4a46-8df6-98f6c62cb876_image.jpg,https://www.artportalen.se/MediaLibrary/2014/2/e0d87ae4-bff1-4edb-885b-31bc109ccad9_image.jpg,https://www.artportalen.se/MediaLibrary/2013/6/5af34cf4-6562-4cfb-8e82-a0287a0c1e28_image.jpg
lövgroda,https://www.artportalen.se/MediaLibrary/2020/6/fb1f94db-ce5d-41b4-a016-14c21061d91f_image.jpg,https://www.artportalen.se/MediaLibrary/2020/6/70e1658a-5527-46d3-ace3-b23361656692_image.jpg,https://www.artportalen.se/MediaLibrary/2020/5/d15bc529-efc9-42a1-8b6e-c633e315f855_image.jpg,https://www.artportalen.se/MediaLibrary/2020/5/25fcea7a-649d-4652-879d-8df76510513a_image.jpg,https://www.artportalen.se/MediaLibrary/2020/5/d8b63876-5344-4d0f-8bf0-088cd9806cd1_image.jpg,https://www.artportalen.se/MediaLibrary/2020/5/dede9798-2eaa-487c-96cb-a0cbd9429fcb_image.jpg,https://www.artportalen.se/MediaLibrary/2020/5/d33994d1-dc2c-4a16-b9a7-7cd6c6f03955_image.jpg,https://www.artportalen.se/MediaLibrary/2020/5/af27db26-5125-4621-9545-20801b556a2e_image.jpg,https://www.artportalen.se/MediaLibrary/2019/9/4b19063c-0bbc-4a5b-8291-7390eb7ed166_image.jpg,https://www.artportalen.se/MediaLibrary/2019/9/60314fb5-e335-408b-8115-a4a9fa848045_image.jpg,https://www.artportalen.se/MediaLibrary/2019/9/ce8f83d3-2ff4-42ef-a5d6-bd582ef80242_image.jpg,https://www.artportalen.se/MediaLibrary/2019/6/f8374136-1b0f-4874-abe1-a6cae3d119f9_image.jpg
klockgroda,https://www.artportalen.se/MediaLibrary/2020/6/d57845e1-8950-4f8e-9e0f-57828e3abb45_image.jpg,https://www.artportalen.se/MediaLibrary/2020/6/7966ce8e-b6b6-407b-a400-e38418f96ef3_image.jpg,https://www.artportalen.se/MediaLibrary/2020/5/12f33b19-0073-4d94-b002-88c63993dc83_image.jpg,https://www.artportalen.se/MediaLibrary/2020/5/b489652c-e2e8-4ebf-b6b7-8007254112ad_image.jpg,https://www.artportalen.se/MediaLibrary/2020/5/a56754ca-ea00-43dd-a1f0-2fb13302a243_image.jpg,https://www.artportalen.se/MediaLibrary/2020/5/8cf86cb6-837a-42c8-99c2-97a47598c291_image.jpg,https://www.artportalen.se/MediaLibrary/2020/5/4bac18a0-f29e-4b15-9692-a58623231330_image.jpg,https://www.artportalen.se/MediaLibrary/2020/5/da2000d6-ee05-4137-8324-99b3474df2d9_image.jpg,https://www.artportalen.se/MediaLibrary/2020/5/e1f195e8-84c6-4c64-b5bd-5582468a3fa4_image.jpg,https://www.artportalen.se/MediaLibrary/2020/5/11b2ea80-506f-4a68-80d6-00bd15b21b25_image.jpg,https://www.artportalen.se/MediaLibrary/2020/5/f9f07fb3-e2ef-4528-a2f6-e0e75e0501ba_image.jpg,https://www.artportalen.se/MediaLibrary/2020/3/f09f5ed8-2e1a-4d3c-8f95-d6143f3691bf_image.jpg
ätlig groda,https://www.artportalen.se/MediaLibrary/2020/6/4705909b-31dc-4ab9-82e7-0289150d4c9a_image.jpg,https://www.artportalen.se/MediaLibrary/2020/6/f1a4ac65-f672-4285-8a42-7c615fe3a4a2_image.jpg,https://www.artportalen.se/MediaLibrary/2020/5/790aafcf-9c21-44d6-bcb5-3ad301da65e6_image.jpg,https://www.artportalen.se/MediaLibrary/2020/5/968a9fde-880f-41b1-933c-385043908dd0_image.jpg,https://www.artportalen.se/MediaLibrary/2020/5/b06d4915-ace9-48ce-97fe-4b37f1bdc72a_image.jpg,https://www.artportalen.se/MediaLibrary/2020/5/f386dd08-638e-4fa9-91d0-3fa8ad76fc34_image.jpg,https://www.artportalen.se/MediaLibrary/2020/5/4f1d95af-a8be-4d96-912b-23c346753b14_image.jpg,https://www.artportalen.se/MediaLibrary/2020/5/28df0ee9-6f53-44aa-aa62-c2efa4ef601c_image.jpg,https://www.artportalen.se/MediaLibrary/2020/5/c80d4e34-d6fd-49cf-9b93-0934f88a24be_image.jpg,https://www.artportalen.se/MediaLibrary/2020/4/77b027bd-b0d6-45cd-a9ee-44f71dc42e14_image.jpg,https://www.artportalen.se/MediaLibrary/2020/4/d83ee5a8-4042-4015-a971-895461746095_image.jpg,https://www.artportalen.se/MediaLibrary/2020/4/6b31146d-c42e-47d3-bfbd-5732e3dd10b5_image.jpg
gölgroda,https://www.artportalen.se/MediaLibrary/2020/5/048454de-5acf-4174-81f1-7e9c4e870b07_image.jpg,https://www.artportalen.se/MediaLibrary/2020/5/4b216760-4cc1-4dd0-b556-05a3a3545978_image.jpg,https://www.artportalen.se/MediaLibrary/2019/8/c2a2f12e-cbde-4221-a53b-c5acf8c4caa8_image.jpg,https://www.artportalen.se/MediaLibrary/2019/8/9543fa03-03ea-4068-881c-690cef5891e5_image.jpg,https://www.artportalen.se/MediaLibrary/2019/7/38159e30-ac69-4bcd-9d56-081ce666a149_image.jpg,https://www.artportalen.se/MediaLibrary/2019/7/e1e72825-9f20-4ba7-bc38-eec8a88f1b2a_image.jpg,https://www.artportalen.se/MediaLibrary/2019/7/dc8eba43-6e3c-4ddc-b9c6-2a7f11d82d20_image.jpg,https://www.artportalen.se/MediaLibrary/2019/7/98b3269a-bcf7-4faf-b6f6-12ce1ff728eb_image.jpg,https://www.artportalen.se/MediaLibrary/2019/6/4eb5c9fb-3519-4c34-b00a-1c62a447bb5a_image.jpg,https://www.artportalen.se/MediaLibrary/2019/6/9808a061-3da6-41ea-8f67-b6b189e22136_image.jpg,https://www.artportalen.se/MediaLibrary/2019/6/5c97440c-5e3c-40b1-b57e-8dc6eea19f4d_image.jpg,https://www.artportalen.se/MediaLibrary/2019/6/bcf4516f-ffb6-4b2d-9d01-cd5793670341_image.jpg
vanlig groda,https://www.artportalen.se/MediaLibrary/2020/6/0e879e20-9acb-4bdb-9aae-eadfcb65fed2_image.jpg,https://www.artportalen.se/MediaLibrary/2020/6/9c6d5fbf-2c63-43fd-91ac-60920eaed3df_image.jpg,https://www.artportalen.se/MediaLibrary/2020/6/75b6c197-2c73-4069-a51b-12c35a723d6e_image.jpg,https://www.artportalen.se/MediaLibrary/2020/6/f9c29384-fdb7-462f-82ce-32d9d0f31175_image.jpg,https://www.artportalen.se/MediaLibrary/2020/6/abba32e9-29c3-4f93-b77d-f94ba4e0e6f3_image.jpg,https://www.artportalen.se/MediaLibrary/2020/6/2bd827a3-7e54-4a29-bd13-b024f59fddc3_image.jpg,https://www.artportalen.se/MediaLibrary/2020/6/f389382a-4831-411c-ac9c-cee0d01c2d3d_image.jpg,https://www.artportalen.se/MediaLibrary/2020/6/e35b226e-5724-43c8-a090-0dc947244a97_image.jpg,https://www.artportalen.se/MediaLibrary/2020/6/3bb985b1-f998-4f13-9226-e3b43516a4dc_image.jpg,https://www.artportalen.se/MediaLibrary/2020/6/7f4003d5-28ca-43ef-9897-63860f50ed8e_image.jpg,https://www.artportalen.se/MediaLibrary/2020/6/1a821536-dd2f-4488-b668-80b9f8567fa8_image.jpg,https://www.artportalen.se/MediaLibrary/2020/6/fddc671d-f5ec-4989-910d-59c4da003f8f_image.jpg
åkergroda,https://www.artportalen.se/MediaLibrary/2020/6/ef5f8f9d-5217-4c8f-b573-9d33db8cfc1d_image.jpg,https://www.artportalen.se/MediaLibrary/2020/6/5fd32fa0-1eba-4142-9eb1-89ea0be912e3_image.jpg,https://www.artportalen.se/MediaLibrary/2020/5/d65b54c5-bc1c-4956-b948-c8671542ce62_image.jpg,https://www.artportalen.se/MediaLibrary/2020/5/51d82561-e51a-4daf-a2a1-a145b8cf506f_image.jpg,https://www.artportalen.se/MediaLibrary/2020/5/4f151173-e7f8-4c24-88f7-2d0d520b3ccc_image.jpg,https://www.artportalen.se/MediaLibrary/2020/5/4113b58c-4621-4790-a819-d5277b905c57_image.jpg,https://www.artportalen.se/MediaLibrary/2020/4/01ec1d9b-255e-4034-b6da-3e00bf271975_image.jpg,https://www.artportalen.se/MediaLibrary/2020/4/312cda61-680c-4690-b947-a2627181ccc3_image.jpg,https://www.artportalen.se/MediaLibrary/2020/4/61075388-f2c9-4fa9-a1b9-048b3b7f26a9_image.jpg,https://www.artportalen.se/MediaLibrary/2020/4/134b5e23-8f4b-4aa1-a949-4f53b05c8e92_image.jpg,https://www.artportalen.se/MediaLibrary/2020/4/e6f9b8a6-032d-454c-b712-4a9296a8c383_image.jpg,https://www.artportalen.se/MediaLibrary/2020/4/d7706aac-1956-4b80-90c9-83d2fb1a2cbf_image.jpg
långbensgroda,https://www.artportalen.se/MediaLibrary/2020/6/43b51205-fc4c-4063-a443-00d47ee7d960_image.jpg,https://www.artportalen.se/MediaLibrary/2020/6/eae65c95-9070-4f0b-b702-f4bacccd22bf_image.jpg,https://www.artportalen.se/MediaLibrary/2020/6/59ab4443-5580-4e0a-aedf-c0259223b55c_image.jpg,https://www.artportalen.se/MediaLibrary/2020/6/9cbe8bcb-3af2-47ca-bd6e-8c9ce1c26d5f_image.jpg,https://www.artportalen.se/MediaLibrary/2020/6/12490d91-b691-40f6-9c68-d9bfa207c5e4_image.jpg,https://www.artportalen.se/MediaLibrary/2020/6/42a0b3d3-e20f-4f6f-8129-cdd3881336b6_image.jpg,https://www.artportalen.se/MediaLibrary/2020/5/e73a6f54-cdde-4df6-aac0-bd8ff9cc89ef_image.jpg,https://www.artportalen.se/MediaLibrary/2020/5/dc38d73c-fd6e-40bc-a3f6-c5f3cc78a82f_image.jpg,https://www.artportalen.se/MediaLibrary/2020/5/9afe4a16-1ddb-45de-bbe3-6a1e29613f04_image.jpg,https://www.artportalen.se/MediaLibrary/2020/5/a25b1239-c953-41d8-a8b1-d5f2ef948ba4_image.jpg,https://www.artportalen.se/MediaLibrary/2020/5/596a118e-977e-4418-a614-6707589771de_image.jpg,https://www.artportalen.se/MediaLibrary/2020/5/c3e685f9-4f8f-458e-a201-6953fc9056f7_image.jpg
vanlig padda,https://www.artportalen.se/MediaLibrary/2020/6/f3fc33ce-f18b-4900-804b-1367b0be6d25_image.jpg,https://www.artportalen.se/MediaLibrary/2020/6/d29748c0-edf6-4a7c-a804-0ada99c96b6c_image.jpg,https://www.artportalen.se/MediaLibrary/2020/6/071a7491-d7a1-46c7-a8cc-3b7a4be4767e_image.jpg,https://www.artportalen.se/MediaLibrary/2020/6/fb139dae-f619-4717-acf1-585bba9d5320_image.jpg,https://www.artportalen.se/MediaLibrary/2020/6/f575fe09-2ef1-4296-af93-bc20d73456e8_image.jpg,https://www.artportalen.se/MediaLibrary/2020/5/f5fff22f-2e1b-430b-b035-81444daa4565_image.jpg,https://www.artportalen.se/MediaLibrary/2020/5/d9ce2ca8-b3a9-4952-b6d7-4a9d9e5fb29e_image.jpg,https://www.artportalen.se/MediaLibrary/2020/5/62f8c236-59eb-49a8-8d2a-e4b77bf5bb9d_image.jpg,https://www.artportalen.se/MediaLibrary/2020/5/d1095770-d035-400b-9f42-6dfb2cab38ef_image.jpg,https://www.artportalen.se/MediaLibrary/2020/5/f34e14d7-68f0-47a7-9213-950b2ecf88eb_image.jpg,https://www.artportalen.se/MediaLibrary/2020/5/28afc9fb-9b22-4215-9125-3d64f58f00f9_image.jpg,https://www.artportalen.se/MediaLibrary/2020/5/cab72fb0-2e29-4d16-83f1-369fe2acbade_image.jpg
strandpadda,https://www.artportalen.se/MediaLibrary/2020/6/d329b410-fe5a-45d4-9794-7dcf35e34d16_image.jpg,https://www.artportalen.se/MediaLibrary/2020/6/2aa37f06-f173-4605-8816-83c74fb91373_image.jpg,https://www.artportalen.se/MediaLibrary/2020/5/3b828f53-24a7-4e0b-921d-4a35b43bedc5_image.jpg,https://www.artportalen.se/MediaLibrary/2020/5/7e3da3ef-4f78-43fb-b614-5fec60dcf90f_image.jpg,https://www.artportalen.se/MediaLibrary/2020/5/53750622-52c6-4363-bb76-bbf0e2545f07_image.jpg,https://www.artportalen.se/MediaLibrary/2020/5/8074c9e3-d104-4ad5-8e3e-b05d6b07a501_image.jpg,https://www.artportalen.se/MediaLibrary/2020/5/052fad6a-09b1-4ee1-921d-5a77c35cec9a_image.jpg,https://www.artportalen.se/MediaLibrary/2020/5/cc86ff88-cda2-4e88-aae0-de5117e173f5_image.jpg,https://www.artportalen.se/MediaLibrary/2020/5/1affad31-65e0-4c5d-a4fe-f7a0d23c56e5_image.jpg,https://www.artportalen.se/MediaLibrary/2020/5/c79031b8-3933-49fc-80bc-c422a5b53fe4_image.jpg,https://www.artportalen.se/MediaLibrary/2020/5/5aa941c5-5ea8-4faa-8896-6a09bed6faf0_image.jpg,https://www.artportalen.se/MediaLibrary/2020/4/6e59515a-fdfa-47ba-8a96-3a03ddad04d6_image.jpg
grönfläckig padda,https://www.artportalen.se/MediaLibrary/2020/5/98f03ebc-2237-480a-b0f7-fbcf25d52f9d_image.jpg,https://www.artportalen.se/MediaLibrary/2020/5/f1a96533-4558-4d88-b2bc-7ef9fdf07c48_image.jpg,https://www.artportalen.se/MediaLibrary/2020/5/2cfae39f-da78-4fda-bb78-a7323ac92788_image.jpg,https://www.artportalen.se/MediaLibrary/2020/5/f0965325-a868-4ca5-afe3-3b9f75e1416b_image.jpg,https://www.artportalen.se/MediaLibrary/2020/4/a6bfd282-2e2c-4999-a4cb-a13750292417_image.jpg,https://www.artportalen.se/MediaLibrary/2020/4/f4568a80-aa85-4c21-b95d-45859c20f6d3_image.jpg,https://www.artportalen.se/MediaLibrary/2020/4/a60fd865-e688-4904-b273-b28054ea0b49_image.jpg,https://www.artportalen.se/MediaLibrary/2020/4/0caa7b21-a18f-41d3-bd64-3fa13f404a50_image.jpg,https://www.artportalen.se/MediaLibrary/2020/4/1eec44aa-b1e4-4aaa-be56-45a8e9d34ff9_image.jpg,https://www.artportalen.se/MediaLibrary/2020/3/36df6f2e-7477-4442-92db-03088a004026_image.jpg,https://www.artportalen.se/MediaLibrary/2020/3/a4edda6b-6b9d-4c9f-9004-9c2a44f1843a_image.jpg,https://www.artportalen.se/MediaLibrary/2020/3/a1917e5d-de31-4f7a-bfc7-027396e197f4_image.jpg
större vattensalamander,https://www.artportalen.se/MediaLibrary/2020/6/e236789c-3827-4822-b94d-b44e3f12b061_image.jpg,https://www.artportalen.se/MediaLibrary/2020/6/082c00ff-93df-4fa6-83df-142b1032faad_image.jpg,https://www.artportalen.se/MediaLibrary/2020/6/454f03c7-7798-4d89-b0aa-3ed846a0f5ef_image.jpg,https://www.artportalen.se/MediaLibrary/2020/6/73c91b1a-6b38-4416-b23a-651849901ef1_image.jpg,https://www.artportalen.se/MediaLibrary/2020/5/1adddcc1-2dff-446b-ba5f-533c510d6616_image.jpg,https://www.artportalen.se/MediaLibrary/2020/5/98d3e771-24cc-47c6-8ddd-ecae5dc7506c_image.jpg,https://www.artportalen.se/MediaLibrary/2020/5/bf68397d-54b9-4550-b4c0-3b79a457e955_image.jpg,https://www.artportalen.se/MediaLibrary/2020/5/c21e2616-4114-4a80-805d-e53822ba9de1_image.jpg,https://www.artportalen.se/MediaLibrary/2020/5/4a7bd984-28b2-4498-a906-14411e752c0c_image.jpg,https://www.artportalen.se/MediaLibrary/2020/5/6b8723c7-9b89-4fea-a56f-56e52a5bceae_image.jpg,https://www.artportalen.se/MediaLibrary/2020/5/1cff679c-e2d8-4bcf-9096-3a0ba97308d7_image.jpg,https://www.artportalen.se/MediaLibrary/2020/5/f61786f8-820f-4c09-898e-106ede93626f_image.jpg
mindre vattensalamander,https://www.artportalen.se/MediaLibrary/2020/6/39b3d454-dbe4-40f9-8d69-46f06e703c6d_image.jpg,https://www.artportalen.se/MediaLibrary/2020/6/6afaf429-bb8a-41bb-baca-a7ae88e635cf_image.jpg,https://www.artportalen.se/MediaLibrary/2020/6/968cfff6-69c1-4e3c-8b6c-1cb2b62e029c_image.jpg,https://www.artportalen.se/MediaLibrary/2020/6/0e4a9c1c-fe2a-4fea-b0b6-3b356cfceca1_image.jpg,https://www.artportalen.se/MediaLibrary/2020/6/3e439e15-be01-406b-93ff-3b3b9078fe8b_image.jpg,https://www.artportalen.se/MediaLibrary/2020/6/f7d99d74-ff9b-4ee5-a75c-7047b17370bc_image.jpg,https://www.artportalen.se/MediaLibrary/2020/5/fd92bad8-5b08-4a32-a6a9-b52517e7aa59_image.jpg,https://www.artportalen.se/MediaLibrary/2020/5/714154de-0139-4400-bbe4-646bff99491a_image.jpg,https://www.artportalen.se/MediaLibrary/2020/5/00c60183-51f9-44f6-a1f4-aed1e6cb8d66_image.jpg,https://www.artportalen.se/MediaLibrary/2020/5/61cf17cb-ddf3-4bbf-a48a-fa1dca12f6f3_image.jpg,https://www.artportalen.se/MediaLibrary/2020/5/41f5f6d8-0f37-4a06-8477-6172fa62018f_image.jpg,https://www.artportalen.se/MediaLibrary/2020/5/7054da76-52d2-4add-bd28-0dca79c6a61d_image.jpg
kopparödla,https://www.artportalen.se/MediaLibrary/2020/6/3bad689a-db9e-41c0-80cc-755f4cb7d4b7_image.jpg,https://www.artportalen.se/MediaLibrary/2020/6/5f8e8aec-d168-4c89-9e7e-85d31eac617d_image.jpg,https://www.artportalen.se/MediaLibrary/2020/6/3d05677f-488a-4f6c-849f-dde05f625db4_image.jpg,https://www.artportalen.se/MediaLibrary/2020/6/7aa13939-0c34-4575-b1d5-ad60cf163056_image.jpg,https://www.artportalen.se/MediaLibrary/2020/6/00170841-b11d-42e9-95a8-f0ec6699faba_image.jpg,https://www.artportalen.se/MediaLibrary/2020/6/8307e6b8-40b8-4857-ad5d-32c804ad6823_image.jpg,https://www.artportalen.se/MediaLibrary/2020/6/5ae4a4bc-d2d9-41ee-994f-d4730e4a45ce_image.jpg,https://www.artportalen.se/MediaLibrary/2020/6/1a7b996d-4f1c-4e82-8009-a372e1b1b8d1_image.jpg,https://www.artportalen.se/MediaLibrary/2020/6/a5c4a2f6-3050-4767-ad60-a4ba7bdc681a_image.jpg,https://www.artportalen.se/MediaLibrary/2020/6/b9764f31-2ca2-4442-891d-451966395c2f_image.jpg,https://www.artportalen.se/MediaLibrary/2020/6/b30df613-8bba-4ea0-98e1-1d4eebcbb019_image.jpg,https://www.artportalen.se/MediaLibrary/2020/6/9d9a5777-1a70-48e5-984c-72bfbca265da_image.jpg
skogsödla,https://www.artportalen.se/MediaLibrary/2020/6/d7ff342c-8146-475e-94be-1cdafceb2713_image.jpg,https://www.artportalen.se/MediaLibrary/2020/6/81653bd7-3715-4282-9f77-173fed9e6131_image.jpg,https://www.artportalen.se/MediaLibrary/2020/6/9a149c25-ad3d-443b-a2f7-cec0d98e5f53_image.jpg,https://www.artportalen.se/MediaLibrary/2020/6/d03c4958-ac59-42c6-9af0-74e687987da2_image.jpg,https://www.artportalen.se/MediaLibrary/2020/6/d7834fd0-0c69-459a-98c9-d9a920d01340_image.jpg,https://www.artportalen.se/MediaLibrary/2020/6/a7205cc3-3cc3-4601-ad60-b82600598649_image.jpg,https://www.artportalen.se/MediaLibrary/2020/6/05fa9312-e1af-4e9b-8a59-7cc059219d52_image.jpg,https://www.artportalen.se/MediaLibrary/2020/6/34644d87-a3cc-4541-87ff-7a4daa71ef66_image.jpg,https://www.artportalen.se/MediaLibrary/2020/6/558a818a-725e-4a6c-86a6-489804cf0a01_image.jpg,https://www.artportalen.se/MediaLibrary/2020/6/a59d2aa0-d78f-4244-bfb0-5dfc716d14ac_image.jpg,https://www.artportalen.se/MediaLibrary/2020/6/a83464e6-010d-4414-9df6-c53e22d2ab21_image.jpg,https://www.artportalen.se/MediaLibrary/2020/5/a15550e5-4eb7-4a65-a892-d29db5906710_image.jpg
sandödla,https://www.artportalen.se/MediaLibrary/2020/6/fc5e39b7-7434-4ec2-bf7a-05590b7cd318_image.jpg,https://www.artportalen.se/MediaLibrary/2020/6/818cabf2-d542-452b-811a-6dcb7cc6359f_image.jpg,https://www.artportalen.se/MediaLibrary/2020/6/57158d55-ac7d-4401-9bf0-76ab74307f9b_image.jpg,https://www.artportalen.se/MediaLibrary/2020/6/b325ac1b-eab9-4f0b-b59c-79ffa96c2e9e_image.jpg,https://www.artportalen.se/MediaLibrary/2020/6/cb6fbf83-94fe-4fb2-a1dc-f64d2056f7cd_image.jpg,https://www.artportalen.se/MediaLibrary/2020/6/7b57d863-a53b-4834-8766-3af1b0734005_image.jpg,https://www.artportalen.se/MediaLibrary/2020/6/2e4c5605-b236-4ee8-b570-0f730ba79978_image.jpg,https://www.artportalen.se/MediaLibrary/2020/5/0b579044-c42c-4c63-b658-ae591224a0e8_image.jpg,https://www.artportalen.se/MediaLibrary/2020/5/99d5cb8f-ab2d-4235-a5a9-3e15d8e99038_image.jpg,https://www.artportalen.se/MediaLibrary/2020/5/9ebc2725-a085-4e3b-9d0c-93a09bbdf343_image.jpg,https://www.artportalen.se/MediaLibrary/2020/5/c097db43-9d90-482e-bd54-22369060e2cb_image.jpg,https://www.artportalen.se/MediaLibrary/2020/5/c8a2ac6e-e159-4a6e-a37c-87c875adf0f9_image.jpg
vanlig snok,https://www.artportalen.se/MediaLibrary/2020/6/c8509a74-a0dc-4c17-a5a0-4d32c652c60e_image.jpg,https://www.artportalen.se/MediaLibrary/2020/6/ec164eaf-91ff-41e4-a9b6-7ccc2fc4c1ae_image.jpg,https://www.artportalen.se/MediaLibrary/2020/6/27582b46-ce6f-437b-8a28-d19e799fe8ff_image.jpg,https://www.artportalen.se/MediaLibrary/2020/6/9e8732cd-d801-4670-aca4-42b5a916f9cd_image.jpg,https://www.artportalen.se/MediaLibrary/2020/6/913887a4-379f-489e-a47a-8bb16b907fd7_image.jpg,https://www.artportalen.se/MediaLibrary/2020/6/db8c56c1-b495-4d66-a7d3-34826499a387_image.jpg,https://www.artportalen.se/MediaLibrary/2020/6/4539a4f6-f547-4bfb-8bd5-c1debb02e9bd_image.jpg,https://www.artportalen.se/MediaLibrary/2020/6/b35157d8-f474-444d-89b2-8d852c757995_image.jpg,https://www.artportalen.se/MediaLibrary/2020/6/93b2fb06-6200-41ae-8b31-220fc3537b87_image.jpg,https://www.artportalen.se/MediaLibrary/2020/6/10967e45-3774-4473-a14e-f39c68543ad8_image.jpg,https://www.artportalen.se/MediaLibrary/2020/6/6da3b51c-8e34-4ad5-8eba-7ecc1751fd6a_image.jpg,https://www.artportalen.se/MediaLibrary/2020/6/31f0656a-87cb-458e-8b56-6c6470a13113_image.jpg
hasselsnok,https://www.artportalen.se/MediaLibrary/2020/6/afdd3cd3-57e1-4510-9103-67d22f0ac68e_image.jpg,https://www.artportalen.se/MediaLibrary/2020/6/abb52966-a166-4f7d-8540-53cd53675394_image.jpg,https://www.artportalen.se/MediaLibrary/2020/6/6caee342-102b-4ac3-8aa3-d75d14f7df9a_image.jpg,https://www.artportalen.se/MediaLibrary/2020/6/e5edac46-eee1-4c9a-a08a-522de0d37a4b_image.jpg,https://www.artportalen.se/MediaLibrary/2020/6/c443a440-8684-4d88-8387-5aa469c95edf_image.jpg,https://www.artportalen.se/MediaLibrary/2020/6/a2af0a1a-5429-4baa-98ba-d29b6e00ab70_image.jpg,https://www.artportalen.se/MediaLibrary/2020/6/99cc85ad-2942-4d6f-9962-5f9ef602e0aa_image.jpg,https://www.artportalen.se/MediaLibrary/2020/6/098f53e3-8970-49e2-ac4c-989f4f56d9ae_image.jpg,https://www.artportalen.se/MediaLibrary/2020/6/fd4cc1ca-e89e-44a9-97bb-870c20f398c9_image.jpg,https://www.artportalen.se/MediaLibrary/2020/6/d24f66b2-a024-4018-bfa2-fa013224bb56_image.jpg,https://www.artportalen.se/MediaLibrary/2020/6/7816cb7c-eae1-4419-a41d-fca5557588d1_image.jpg,https://www.artportalen.se/MediaLibrary/2020/6/c15a6ed7-f4dc-48ad-a9de-e786ed41ec9b_image.jpg
huggorm,https://www.artportalen.se/MediaLibrary/2020/6/80f730fb-3d49-445a-880d-12863527be2c_image.jpg,https://www.artportalen.se/MediaLibrary/2020/6/091397d0-4197-4eee-a4dd-9498106b9827_image.jpg,https://www.artportalen.se/MediaLibrary/2020/6/869b6184-8ff0-4b44-8da7-da613df6dbe4_image.jpg,https://www.artportalen.se/MediaLibrary/2020/6/be204b13-528f-4b24-99a6-6971b3a25158_image.jpg,https://www.artportalen.se/MediaLibrary/2020/6/54401fca-0efc-4b26-aa2f-cd5651a92ef2_image.jpg,https://www.artportalen.se/MediaLibrary/2020/6/61fb2bd0-2530-4af4-b430-ad34d67ffc49_image.jpg,https://www.artportalen.se/MediaLibrary/2020/6/a228e3b0-c1ff-4773-815a-007b937f5055_image.jpg,https://www.artportalen.se/MediaLibrary/2020/6/3b14c120-19e7-4e4a-8a5d-226d81dae390_image.jpg,https://www.artportalen.se/MediaLibrary/2020/6/26c1e1d1-d273-480f-acb0-5b131d3092ae_image.jpg,https://www.artportalen.se/MediaLibrary/2020/6/9b91050e-5136-40f6-bbad-1fd42a0f9a83_image.jpg,https://www.artportalen.se/MediaLibrary/2020/6/8f6f55f9-e9f8-4f98-b6f8-4ec4d97595bc_image.jpg,https://www.artportalen.se/MediaLibrary/2020/5/ef9bff4d-fb2a-4563-8778-37b7f0c10357_image.jpg
